ISO-10303-21;
HEADER;
/* Generated by software containing ST-Developer
 * from STEP Tools, Inc. (www.steptools.com) 
 */
/* OPTION: using custom renumber hook */

FILE_DESCRIPTION(
/* description */ ('STEP AP242 Edition 2',
'CAx-IF Rec.Pracs.---Representation and Presentation of Product Manufa
cturing Information (PMI)---4.0---2014-10-13',
'CAx-IF Rec.Pracs.---3D Tessellated Geometry---0.4---2014-09-14','2;1',
'CAx-IF Rec.Pracs.---User Defined Attributes---1.5---2016-08-15'),
/* implementation_level */ '2;1');

FILE_NAME(
/* name */ 'Part Studio 7 - Part 1',
/* time_stamp */ '2026-09-10T03:34:57Z',
/* author */ (''),
/* organization */ (''),
/* preprocessor_version */ 'ST-DEVELOPER v20',
/* originating_system */ 'ONSHAPE BY PTC INC, 1.220',
/* authorisation */ '  ');

FILE_SCHEMA (('AP242_MANAGED_MODEL_BASED_3D_ENGINEERING_MIM_LF { 1 0 10303 442 3 1 4 }'));
ENDSEC;

DATA;
#10=SHAPE_REPRESENTATION_RELATIONSHIP('','',#133,#11);
#11=ADVANCED_BREP_SHAPE_REPRESENTATION('',(#131),#1409);
#12=PLANE('',#135);
#13=PLANE('',#136);
#14=PLANE('',#137);
#15=LINE('',#349,#19);
#16=LINE('',#442,#20);
#17=LINE('',#1111,#21);
#18=LINE('',#1208,#22);
#19=VECTOR('',#140,1.);
#20=VECTOR('',#141,1.);
#21=VECTOR('',#146,1.);
#22=VECTOR('',#147,1.);
#23=ORIENTED_EDGE('',*,*,#51,.T.);
#24=ORIENTED_EDGE('',*,*,#52,.F.);
#25=ORIENTED_EDGE('',*,*,#53,.F.);
#26=ORIENTED_EDGE('',*,*,#54,.T.);
#27=ORIENTED_EDGE('',*,*,#55,.T.);
#28=ORIENTED_EDGE('',*,*,#54,.F.);
#29=ORIENTED_EDGE('',*,*,#56,.F.);
#30=ORIENTED_EDGE('',*,*,#52,.T.);
#31=ORIENTED_EDGE('',*,*,#57,.T.);
#32=ORIENTED_EDGE('',*,*,#58,.F.);
#33=ORIENTED_EDGE('',*,*,#53,.T.);
#34=ORIENTED_EDGE('',*,*,#56,.T.);
#35=ORIENTED_EDGE('',*,*,#57,.F.);
#36=ORIENTED_EDGE('',*,*,#59,.T.);
#37=ORIENTED_EDGE('',*,*,#60,.T.);
#38=ORIENTED_EDGE('',*,*,#51,.F.);
#39=ORIENTED_EDGE('',*,*,#55,.F.);
#40=ORIENTED_EDGE('',*,*,#59,.F.);
#41=ORIENTED_EDGE('',*,*,#61,.F.);
#42=ORIENTED_EDGE('',*,*,#62,.T.);
#43=ORIENTED_EDGE('',*,*,#63,.T.);
#44=ORIENTED_EDGE('',*,*,#60,.F.);
#45=ORIENTED_EDGE('',*,*,#63,.F.);
#46=ORIENTED_EDGE('',*,*,#64,.T.);
#47=ORIENTED_EDGE('',*,*,#61,.T.);
#48=ORIENTED_EDGE('',*,*,#62,.F.);
#49=ORIENTED_EDGE('',*,*,#64,.F.);
#50=ORIENTED_EDGE('',*,*,#58,.T.);
#51=EDGE_CURVE('',#65,#66,#75,.T.);
#52=EDGE_CURVE('',#67,#66,#15,.T.);
#53=EDGE_CURVE('',#68,#67,#76,.T.);
#54=EDGE_CURVE('',#68,#65,#16,.T.);
#55=EDGE_CURVE('',#66,#65,#77,.T.);
#56=EDGE_CURVE('',#67,#68,#78,.T.);
#57=EDGE_CURVE('',#69,#69,#79,.T.);
#58=EDGE_CURVE('',#70,#70,#80,.T.);
#59=EDGE_CURVE('',#71,#72,#81,.T.);
#60=EDGE_CURVE('',#72,#71,#82,.T.);
#61=EDGE_CURVE('',#73,#71,#17,.T.);
#62=EDGE_CURVE('',#73,#74,#83,.T.);
#63=EDGE_CURVE('',#74,#72,#18,.T.);
#64=EDGE_CURVE('',#74,#73,#84,.T.);
#65=VERTEX_POINT('',#347);
#66=VERTEX_POINT('',#348);
#67=VERTEX_POINT('',#350);
#68=VERTEX_POINT('',#441);
#69=VERTEX_POINT('',#786);
#70=VERTEX_POINT('',#810);
#71=VERTEX_POINT('',#907);
#72=VERTEX_POINT('',#908);
#73=VERTEX_POINT('',#1112);
#74=VERTEX_POINT('',#1207);
#75=B_SPLINE_CURVE_WITH_KNOTS('',3,(#257,#258,#259,#260,#261,#262,#263,
#264,#265,#266,#267,#268,#269,#270,#271,#272,#273,#274,#275,#276,#277,#278,
#279,#280,#281,#282,#283,#284,#285,#286,#287,#288,#289,#290,#291,#292,#293,
#294,#295,#296,#297,#298,#299,#300,#301,#302,#303,#304,#305,#306,#307,#308,
#309,#310,#311,#312,#313,#314,#315,#316,#317,#318,#319,#320,#321,#322,#323,
#324,#325,#326,#327,#328,#329,#330,#331,#332,#333,#334,#335,#336,#337,#338,
#339,#340,#341,#342,#343,#344,#345,#346),.UNSPECIFIED.,.F.,.F.,(4,1,1,1,
1,1,1,1,1,1,1,1,1,1,1,1,1,1,1,1,1,1,1,1,1,1,1,1,1,1,1,1,1,1,1,1,1,1,1,1,
1,1,1,1,1,1,1,1,1,1,1,1,1,1,1,1,1,1,1,1,1,1,1,1,1,1,1,1,1,1,1,1,1,1,1,1,
1,1,1,1,1,1,1,1,1,1,1,4),(0.341518576731608,0.34892282994115,0.356327083150692,
0.363731336360234,0.371135589569775,0.378539842779318,0.385944095988859,
0.393348349198402,0.400752602407944,0.408156855617485,0.415561108827028,
0.419263235431798,0.42296536203657,0.42666748864134,0.430369615246112,0.434071741850882,
0.437773868455654,0.439624931758039,0.441475995060425,0.442401526711617,
0.44332705836281,0.445178121665195,0.447029184967581,0.448880248269966,
0.452582374874737,0.456284501479508,0.459986628084279,0.463688754689051,
0.467390881293821,0.469241944596207,0.471093007898592,0.472944071200978,
0.474795134503363,0.482199387712905,0.489603640922447,0.497007894131989,
0.504412147341531,0.511816400551073,0.519220653760615,0.526624906970157,
0.534029160179699,0.541433413389241,0.548837666598783,0.563646173017867,
0.578454679436951,0.593263185856035,0.600667439065577,0.608071692275119,
0.615475945484661,0.622880198694203,0.630284451903745,0.637688705113287,
0.641390831718058,0.645092958322829,0.6487950849276,0.652497211532371,0.654348274834756,
0.656199338137142,0.658050401439527,0.659901464741913,0.663603591346684,
0.667305717951455,0.671007844556226,0.674709971160997,0.678412097765768,
0.680263161068153,0.682114224370539,0.68581635097531,0.689518477580081,
0.693220604184852,0.696922730789623,0.704326983999165,0.711731237208707,
0.719135490418249,0.726539743627791,0.733943996837333,0.741348250046874,
0.748752503256416,0.756156756465959,0.770965262885043,0.778369516094585,
0.785773769304127,0.793178022513668,0.796880149118439,0.80058227572321,
0.804284402327981,0.807986528932752,0.815390782142294),.UNSPECIFIED.);
#76=B_SPLINE_CURVE_WITH_KNOTS('',3,(#351,#352,#353,#354,#355,#356,#357,
#358,#359,#360,#361,#362,#363,#364,#365,#366,#367,#368,#369,#370,#371,#372,
#373,#374,#375,#376,#377,#378,#379,#380,#381,#382,#383,#384,#385,#386,#387,
#388,#389,#390,#391,#392,#393,#394,#395,#396,#397,#398,#399,#400,#401,#402,
#403,#404,#405,#406,#407,#408,#409,#410,#411,#412,#413,#414,#415,#416,#417,
#418,#419,#420,#421,#422,#423,#424,#425,#426,#427,#428,#429,#430,#431,#432,
#433,#434,#435,#436,#437,#438,#439,#440),.UNSPECIFIED.,.F.,.F.,(4,1,1,1,
1,1,1,1,1,1,1,1,1,1,1,1,1,1,1,1,1,1,1,1,1,1,1,1,1,1,1,1,1,1,1,1,1,1,1,1,
1,1,1,1,1,1,1,1,1,1,1,1,1,1,1,1,1,1,1,1,1,1,1,1,1,1,1,1,1,1,1,1,1,1,1,1,
1,1,1,1,1,1,1,1,1,1,1,4),(0.341518576731608,0.34892282994115,0.356327083150692,
0.363731336360234,0.371135589569775,0.378539842779318,0.385944095988859,
0.393348349198402,0.400752602407944,0.408156855617485,0.415561108827028,
0.419263235431798,0.42296536203657,0.42666748864134,0.430369615246112,0.434071741850882,
0.437773868455654,0.439624931758039,0.441475995060425,0.442401526711617,
0.44332705836281,0.445178121665195,0.447029184967581,0.448880248269966,
0.452582374874737,0.456284501479508,0.459986628084279,0.463688754689051,
0.467390881293821,0.469241944596207,0.471093007898592,0.472944071200978,
0.474795134503363,0.482199387712905,0.489603640922447,0.497007894131989,
0.504412147341531,0.511816400551073,0.519220653760615,0.526624906970157,
0.534029160179699,0.541433413389241,0.548837666598783,0.563646173017867,
0.578454679436951,0.593263185856035,0.600667439065577,0.608071692275119,
0.615475945484661,0.622880198694203,0.630284451903745,0.637688705113287,
0.641390831718058,0.645092958322829,0.6487950849276,0.652497211532371,0.654348274834756,
0.656199338137142,0.658050401439527,0.659901464741913,0.663603591346684,
0.667305717951455,0.671007844556226,0.674709971160997,0.678412097765768,
0.680263161068153,0.682114224370539,0.68581635097531,0.689518477580081,
0.693220604184852,0.696922730789623,0.704326983999165,0.711731237208707,
0.719135490418249,0.726539743627791,0.733943996837333,0.741348250046874,
0.748752503256416,0.756156756465959,0.770965262885043,0.778369516094585,
0.785773769304127,0.793178022513668,0.796880149118439,0.80058227572321,
0.804284402327981,0.807986528932752,0.815390782142294),.UNSPECIFIED.);
#77=B_SPLINE_CURVE_WITH_KNOTS('',3,(#545,#546,#547,#548,#549,#550,#551,
#552,#553,#554,#555,#556,#557,#558,#559,#560,#561,#562,#563,#564,#565,#566,
#567,#568,#569,#570,#571,#572,#573,#574,#575,#576,#577,#578,#579,#580,#581,
#582,#583,#584,#585,#586,#587,#588,#589,#590,#591,#592,#593,#594,#595,#596,
#597,#598,#599,#600,#601,#602,#603,#604,#605,#606,#607,#608,#609,#610,#611,
#612,#613,#614,#615,#616,#617,#618,#619,#620,#621,#622,#623,#624,#625,#626,
#627,#628,#629,#630),.UNSPECIFIED.,.F.,.F.,(4,1,1,1,1,1,1,1,1,1,1,1,1,1,
1,1,1,1,1,1,1,1,1,1,1,1,1,1,1,1,1,1,1,1,1,1,1,1,1,1,1,1,1,1,1,1,1,1,1,1,
1,1,1,1,1,1,1,1,1,1,1,1,1,1,1,1,1,1,1,1,1,1,1,1,1,1,1,1,1,1,1,1,1,4),(0.852156254898973,
0.859350684491999,0.866545114085025,0.873739543678052,0.877336758474565,
0.880933973271078,0.888128402864104,0.89532283245713,0.909711691643183,
0.916906121236209,0.924100550829235,0.931294980422261,0.934892195218775,
0.938489410015288,0.945683839608314,0.95287826920134,0.960072698794366,
0.96366991359088,0.967267128387393,0.969065735785649,0.970864343183906,
0.972662950582162,0.974461557980419,0.978058772776932,0.981655987573445,
0.985253202369958,0.988850417166471,0.992447631962984,0.996044846759498,
0.999642061556011,1.00323927635252,1.01043370594555,1.01762813553858,1.0248225651316,
1.03201699472463,1.03921142431765,1.05360028350371,1.06798914268976,1.08237800187581,
1.08957243146884,1.09676686106186,1.10396129065489,1.11115572024792,1.11835014984094,
1.12554457943397,1.132739009027,1.13633622382351,1.13993343862002,1.14353065341653,
1.14712786821305,1.15072508300956,1.15252369040782,1.15432229780607,1.15612090520433,
1.15791951260259,1.1615167273991,1.16511394219561,1.16871115699213,1.17230837178864,
1.17590558658515,1.17770419398341,1.17950280138167,1.18310001617818,1.18669723097469,
1.19029444577121,1.19389166056772,1.19748887536423,1.20468330495726,1.21187773455028,
1.21907216414331,1.22626659373634,1.23346102332936,1.24065545292239,1.24784988251542,
1.25504431210844,1.26943317129449,1.28382203048055,1.29101646007357,1.29461367487009,
1.2982108896666,1.30180810446311,1.30360671186137,1.30540531925963,1.31259974885265),
 .UNSPECIFIED.);
#78=B_SPLINE_CURVE_WITH_KNOTS('',3,(#631,#632,#633,#634,#635,#636,#637,
#638,#639,#640,#641,#642,#643,#644,#645,#646,#647,#648,#649,#650,#651,#652,
#653,#654,#655,#656,#657,#658,#659,#660,#661,#662,#663,#664,#665,#666,#667,
#668,#669,#670,#671,#672,#673,#674,#675,#676,#677,#678,#679,#680,#681,#682,
#683,#684,#685,#686,#687,#688,#689,#690,#691,#692,#693,#694,#695,#696,#697,
#698,#699,#700,#701,#702,#703,#704,#705,#706,#707,#708,#709,#710,#711,#712,
#713,#714,#715,#716),.UNSPECIFIED.,.F.,.F.,(4,1,1,1,1,1,1,1,1,1,1,1,1,1,
1,1,1,1,1,1,1,1,1,1,1,1,1,1,1,1,1,1,1,1,1,1,1,1,1,1,1,1,1,1,1,1,1,1,1,1,
1,1,1,1,1,1,1,1,1,1,1,1,1,1,1,1,1,1,1,1,1,1,1,1,1,1,1,1,1,1,1,1,1,4),(0.852156254898973,
0.859350684491999,0.866545114085025,0.873739543678052,0.877336758474565,
0.880933973271078,0.888128402864104,0.89532283245713,0.909711691643183,
0.916906121236209,0.924100550829235,0.931294980422261,0.934892195218775,
0.938489410015288,0.945683839608314,0.95287826920134,0.960072698794366,
0.96366991359088,0.967267128387393,0.969065735785649,0.970864343183906,
0.972662950582162,0.974461557980419,0.978058772776932,0.981655987573445,
0.985253202369958,0.988850417166471,0.992447631962984,0.996044846759498,
0.999642061556011,1.00323927635252,1.01043370594555,1.01762813553858,1.0248225651316,
1.03201699472463,1.03921142431765,1.05360028350371,1.06798914268976,1.08237800187581,
1.08957243146884,1.09676686106186,1.10396129065489,1.11115572024792,1.11835014984094,
1.12554457943397,1.132739009027,1.13633622382351,1.13993343862002,1.14353065341653,
1.14712786821305,1.15072508300956,1.15252369040782,1.15432229780607,1.15612090520433,
1.15791951260259,1.1615167273991,1.16511394219561,1.16871115699213,1.17230837178864,
1.17590558658515,1.17770419398341,1.17950280138167,1.18310001617818,1.18669723097469,
1.19029444577121,1.19389166056772,1.19748887536423,1.20468330495726,1.21187773455028,
1.21907216414331,1.22626659373634,1.23346102332936,1.24065545292239,1.24784988251542,
1.25504431210844,1.26943317129449,1.28382203048055,1.29101646007357,1.29461367487009,
1.2982108896666,1.30180810446311,1.30360671186137,1.30540531925963,1.31259974885265),
 .UNSPECIFIED.);
#79=B_SPLINE_CURVE_WITH_KNOTS('',3,(#763,#764,#765,#766,#767,#768,#769,
#770,#771,#772,#773,#774,#775,#776,#777,#778,#779,#780,#781,#782,#783,#784,
#785),.UNSPECIFIED.,.T.,.F.,(1,1,1,1,1,1,1,1,1,1,1,1,1,1,1,1,1,1,1,1,1,
1,1,1,1,1,1),(-0.123824617629864,-0.0633698772183758,-0.0293179896201212,
0.,0.119062528347295,0.154803974328281,0.178590538019688,0.241883310014582,
0.302397330947963,0.330066346344309,0.379647834410319,0.44262647993313,
0.470659477464109,0.511758138331201,0.623788310680116,0.658151588047389,
0.681522789225477,0.731289272864908,0.801501734779158,0.835184718699672,
0.876175382370136,0.936630122781624,0.970682010379879,1.,1.1190625283473,
1.15480397432828,1.17859053801969),.UNSPECIFIED.);
#80=B_SPLINE_CURVE_WITH_KNOTS('',3,(#787,#788,#789,#790,#791,#792,#793,
#794,#795,#796,#797,#798,#799,#800,#801,#802,#803,#804,#805,#806,#807,#808,
#809),.UNSPECIFIED.,.T.,.F.,(1,1,1,1,1,1,1,1,1,1,1,1,1,1,1,1,1,1,1,1,1,
1,1,1,1,1,1),(-0.123824617629864,-0.0633698772183758,-0.0293179896201212,
0.,0.119062528347295,0.154803974328281,0.178590538019688,0.241883310014582,
0.302397330947963,0.330066346344309,0.379647834410319,0.44262647993313,
0.470659477464109,0.511758138331201,0.623788310680116,0.658151588047389,
0.681522789225477,0.731289272864908,0.801501734779158,0.835184718699672,
0.876175382370136,0.936630122781624,0.970682010379879,1.,1.1190625283473,
1.15480397432828,1.17859053801969),.UNSPECIFIED.);
#81=B_SPLINE_CURVE_WITH_KNOTS('',3,(#813,#814,#815,#816,#817,#818,#819,
#820,#821,#822,#823,#824,#825,#826,#827,#828,#829,#830,#831,#832,#833,#834,
#835,#836,#837,#838,#839,#840,#841,#842,#843,#844,#845,#846,#847,#848,#849,
#850,#851,#852,#853,#854,#855,#856,#857,#858,#859,#860,#861,#862,#863,#864,
#865,#866,#867,#868,#869,#870,#871,#872,#873,#874,#875,#876,#877,#878,#879,
#880,#881,#882,#883,#884,#885,#886,#887,#888,#889,#890,#891,#892,#893,#894,
#895,#896,#897,#898,#899,#900,#901,#902,#903,#904,#905,#906),
 .UNSPECIFIED.,.F.,.F.,(4,1,1,1,1,1,1,1,1,1,1,1,1,1,1,1,1,1,1,1,1,1,1,1,
1,1,1,1,1,1,1,1,1,1,1,1,1,1,1,1,1,1,1,1,1,1,1,1,1,1,1,1,1,1,1,1,1,1,1,1,
1,1,1,1,1,1,1,1,1,1,1,1,1,1,1,1,1,1,1,1,1,1,1,1,1,1,1,1,1,1,1,4),(0.364072021013156,
0.370781978807269,0.377491936601382,0.384201894395496,0.390911852189608,
0.397621809983721,0.404331767777834,0.411041725571947,0.41775168336606,
0.421106662263117,0.424461641160173,0.42781662005723,0.431171598954286,
0.434526577851343,0.4378815567484,0.439559046196927,0.441236535645456,0.44207528036972,
0.442914025093984,0.443752769818248,0.444591514542512,0.446269003991041,
0.447946493439568,0.449623982888097,0.451301472336625,0.454656451233682,
0.458011430130738,0.461366409027795,0.464721387924851,0.466398877373379,
0.468076366821908,0.469753856270436,0.471431345718964,0.473108835167492,
0.474786324616021,0.478141303513077,0.481496282410134,0.48485126130719,
0.491561219101303,0.498271176895416,0.504981134689529,0.511691092483642,
0.525111008071868,0.538530923660094,0.55195083924832,0.565370754836546,
0.578790670424772,0.592210586012998,0.598920543807111,0.605630501601224,
0.612340459395337,0.615695438292394,0.61905041718945,0.622405396086507,
0.625760374983563,0.632470332777676,0.635825311674732,0.639180290571789,
0.642535269468845,0.645890248365902,0.649245227262958,0.652600206160015,
0.654277695608543,0.655955185057071,0.6576326745056,0.659310163954128,0.660987653402656,
0.662665142851184,0.666020121748241,0.669375100645297,0.672730079542354,
0.67608505843941,0.679440037336467,0.681117526784995,0.682795016233524,
0.68614999513058,0.689504974027636,0.692859952924693,0.69621493182175,0.699569910718806,
0.706279868512919,0.712989826307032,0.719699784101145,0.726409741895258,
0.729764720792315,0.733119699689371,0.739829657483484,0.746539615277597,
0.75324957307171,0.766669488659936,0.780089404248162,0.793509319836388),
 .UNSPECIFIED.);
#82=B_SPLINE_CURVE_WITH_KNOTS('',3,(#909,#910,#911,#912,#913,#914,#915,
#916,#917,#918,#919,#920,#921,#922,#923,#924,#925,#926,#927,#928,#929,#930,
#931,#932,#933,#934,#935,#936,#937,#938,#939,#940,#941,#942,#943,#944,#945,
#946,#947,#948,#949,#950,#951,#952,#953,#954,#955,#956,#957,#958,#959,#960,
#961,#962,#963,#964,#965,#966,#967,#968,#969,#970,#971,#972,#973,#974,#975,
#976,#977,#978,#979,#980,#981,#982,#983,#984,#985,#986,#987,#988,#989,#990,
#991,#992,#993,#994,#995,#996),.UNSPECIFIED.,.F.,.F.,(4,1,1,1,1,1,1,1,1,
1,1,1,1,1,1,1,1,1,1,1,1,1,1,1,1,1,1,1,1,1,1,1,1,1,1,1,1,1,1,1,1,1,1,1,1,
1,1,1,1,1,1,1,1,1,1,1,1,1,1,1,1,1,1,1,1,1,1,1,1,1,1,1,1,1,1,1,1,1,1,1,1,
1,1,1,1,4),(0.875485909938306,0.878717845658113,0.88194978137792,0.888413652817533,
0.894877524257147,0.90134139569676,0.907805267136374,0.914269138575987,
0.920733010015601,0.927196881455214,0.933660752894828,0.940124624334441,
0.946588495774055,0.953052367213668,0.956284302933475,0.959516238653282,
0.962748174373089,0.965980110092895,0.969212045812702,0.970828013672606,
0.972443981532509,0.975675917252316,0.977291885112219,0.978907852972122,
0.980523820832026,0.982139788691929,0.985371724411736,0.988603660131543,
0.99183559585135,0.995067531571156,0.998299467290963,1.00476333873058,1.01122721017019,
1.0176910816098,1.02415495304942,1.03061882448903,1.03708269592864,1.04354656736826,
1.05647431024748,1.06940205312671,1.08232979600594,1.09525753888517,1.10172141032478,
1.10818528176439,1.1114172174842,1.11464915320401,1.11788108892381,1.12111302464362,
1.12757689608323,1.13404076752285,1.13727270324265,1.14050463896246,1.14373657468227,
1.14696851040207,1.15020044612188,1.15343238184169,1.15424036577164,1.15504834970159,
1.15666431756149,1.1598962532813,1.16312818900111,1.16636012472091,1.16959206044072,
1.17282399616053,1.17443996402043,1.17605593188033,1.17767189974024,1.17928786760014,
1.18090383546004,1.18251980331995,1.18575173903975,1.18898367475956,1.19221561047937,
1.19867948191898,1.2051433533586,1.21160722479821,1.21807109623782,1.22453496767744,
1.23099883911705,1.23746271055666,1.24069464627647,1.24392658199628,1.25039045343589,
1.26331819631512,1.27624593919434,1.28917368207357),.UNSPECIFIED.);
#83=B_SPLINE_CURVE_WITH_KNOTS('',3,(#1113,#1114,#1115,#1116,#1117,#1118,
#1119,#1120,#1121,#1122,#1123,#1124,#1125,#1126,#1127,#1128,#1129,#1130,
#1131,#1132,#1133,#1134,#1135,#1136,#1137,#1138,#1139,#1140,#1141,#1142,
#1143,#1144,#1145,#1146,#1147,#1148,#1149,#1150,#1151,#1152,#1153,#1154,
#1155,#1156,#1157,#1158,#1159,#1160,#1161,#1162,#1163,#1164,#1165,#1166,
#1167,#1168,#1169,#1170,#1171,#1172,#1173,#1174,#1175,#1176,#1177,#1178,
#1179,#1180,#1181,#1182,#1183,#1184,#1185,#1186,#1187,#1188,#1189,#1190,
#1191,#1192,#1193,#1194,#1195,#1196,#1197,#1198,#1199,#1200,#1201,#1202,
#1203,#1204,#1205,#1206),.UNSPECIFIED.,.F.,.F.,(4,1,1,1,1,1,1,1,1,1,1,1,
1,1,1,1,1,1,1,1,1,1,1,1,1,1,1,1,1,1,1,1,1,1,1,1,1,1,1,1,1,1,1,1,1,1,1,1,
1,1,1,1,1,1,1,1,1,1,1,1,1,1,1,1,1,1,1,1,1,1,1,1,1,1,1,1,1,1,1,1,1,1,1,1,
1,1,1,1,1,1,1,4),(0.364072021013156,0.370781978807269,0.377491936601382,
0.384201894395496,0.390911852189608,0.397621809983721,0.404331767777834,
0.411041725571947,0.41775168336606,0.421106662263117,0.424461641160173,
0.42781662005723,0.431171598954286,0.434526577851343,0.4378815567484,0.439559046196927,
0.441236535645456,0.44207528036972,0.442914025093984,0.443752769818248,
0.444591514542512,0.446269003991041,0.447946493439568,0.449623982888097,
0.451301472336625,0.454656451233682,0.458011430130738,0.461366409027795,
0.464721387924851,0.466398877373379,0.468076366821908,0.469753856270436,
0.471431345718964,0.473108835167492,0.474786324616021,0.478141303513077,
0.481496282410134,0.48485126130719,0.491561219101303,0.498271176895416,
0.504981134689529,0.511691092483642,0.525111008071868,0.538530923660094,
0.55195083924832,0.565370754836546,0.578790670424772,0.592210586012998,
0.598920543807111,0.605630501601224,0.612340459395337,0.615695438292394,
0.61905041718945,0.622405396086507,0.625760374983563,0.632470332777676,
0.635825311674732,0.639180290571789,0.642535269468845,0.645890248365902,
0.649245227262958,0.652600206160015,0.654277695608543,0.655955185057071,
0.6576326745056,0.659310163954128,0.660987653402656,0.662665142851184,0.666020121748241,
0.669375100645297,0.672730079542354,0.67608505843941,0.679440037336467,
0.681117526784995,0.682795016233524,0.68614999513058,0.689504974027636,
0.692859952924693,0.69621493182175,0.699569910718806,0.706279868512919,
0.712989826307032,0.719699784101145,0.726409741895258,0.729764720792315,
0.733119699689371,0.739829657483484,0.746539615277597,0.75324957307171,
0.766669488659936,0.780089404248162,0.793509319836388),.UNSPECIFIED.);
#84=B_SPLINE_CURVE_WITH_KNOTS('',3,(#1319,#1320,#1321,#1322,#1323,#1324,
#1325,#1326,#1327,#1328,#1329,#1330,#1331,#1332,#1333,#1334,#1335,#1336,
#1337,#1338,#1339,#1340,#1341,#1342,#1343,#1344,#1345,#1346,#1347,#1348,
#1349,#1350,#1351,#1352,#1353,#1354,#1355,#1356,#1357,#1358,#1359,#1360,
#1361,#1362,#1363,#1364,#1365,#1366,#1367,#1368,#1369,#1370,#1371,#1372,
#1373,#1374,#1375,#1376,#1377,#1378,#1379,#1380,#1381,#1382,#1383,#1384,
#1385,#1386,#1387,#1388,#1389,#1390,#1391,#1392,#1393,#1394,#1395,#1396,
#1397,#1398,#1399,#1400,#1401,#1402,#1403,#1404,#1405,#1406),
 .UNSPECIFIED.,.F.,.F.,(4,1,1,1,1,1,1,1,1,1,1,1,1,1,1,1,1,1,1,1,1,1,1,1,
1,1,1,1,1,1,1,1,1,1,1,1,1,1,1,1,1,1,1,1,1,1,1,1,1,1,1,1,1,1,1,1,1,1,1,1,
1,1,1,1,1,1,1,1,1,1,1,1,1,1,1,1,1,1,1,1,1,1,1,1,1,4),(0.875485909938306,
0.878717845658113,0.88194978137792,0.888413652817533,0.894877524257147,
0.90134139569676,0.907805267136374,0.914269138575987,0.920733010015601,
0.927196881455214,0.933660752894828,0.940124624334441,0.946588495774055,
0.953052367213668,0.956284302933475,0.959516238653282,0.962748174373089,
0.965980110092895,0.969212045812702,0.970828013672606,0.972443981532509,
0.975675917252316,0.977291885112219,0.978907852972122,0.980523820832026,
0.982139788691929,0.985371724411736,0.988603660131543,0.99183559585135,
0.995067531571156,0.998299467290963,1.00476333873058,1.01122721017019,1.0176910816098,
1.02415495304942,1.03061882448903,1.03708269592864,1.04354656736826,1.05647431024748,
1.06940205312671,1.08232979600594,1.09525753888517,1.10172141032478,1.10818528176439,
1.1114172174842,1.11464915320401,1.11788108892381,1.12111302464362,1.12757689608323,
1.13404076752285,1.13727270324265,1.14050463896246,1.14373657468227,1.14696851040207,
1.15020044612188,1.15343238184169,1.15424036577164,1.15504834970159,1.15666431756149,
1.1598962532813,1.16312818900111,1.16636012472091,1.16959206044072,1.17282399616053,
1.17443996402043,1.17605593188033,1.17767189974024,1.17928786760014,1.18090383546004,
1.18251980331995,1.18575173903975,1.18898367475956,1.19221561047937,1.19867948191898,
1.2051433533586,1.21160722479821,1.21807109623782,1.22453496767744,1.23099883911705,
1.23746271055666,1.24069464627647,1.24392658199628,1.25039045343589,1.26331819631512,
1.27624593919434,1.28917368207357),.UNSPECIFIED.);
#85=EDGE_LOOP('',(#23,#24,#25,#26));
#86=EDGE_LOOP('',(#27,#28,#29,#30));
#87=EDGE_LOOP('',(#31));
#88=EDGE_LOOP('',(#32));
#89=EDGE_LOOP('',(#33,#34));
#90=EDGE_LOOP('',(#35));
#91=EDGE_LOOP('',(#36,#37));
#92=EDGE_LOOP('',(#38,#39));
#93=EDGE_LOOP('',(#40,#41,#42,#43));
#94=EDGE_LOOP('',(#44,#45,#46,#47));
#95=EDGE_LOOP('',(#48,#49));
#96=EDGE_LOOP('',(#50));
#97=FACE_BOUND('',#85,.T.);
#98=FACE_BOUND('',#86,.T.);
#99=FACE_BOUND('',#87,.T.);
#100=FACE_BOUND('',#88,.T.);
#101=FACE_BOUND('',#89,.T.);
#102=FACE_BOUND('',#90,.T.);
#103=FACE_BOUND('',#91,.T.);
#104=FACE_BOUND('',#92,.T.);
#105=FACE_BOUND('',#93,.T.);
#106=FACE_BOUND('',#94,.T.);
#107=FACE_BOUND('',#95,.T.);
#108=FACE_BOUND('',#96,.T.);
#109=B_SPLINE_SURFACE_WITH_KNOTS('',3,1,((#151,#152),(#153,#154),(#155,
#156),(#157,#158),(#159,#160),(#161,#162),(#163,#164),(#165,#166),(#167,
#168),(#169,#170),(#171,#172),(#173,#174),(#175,#176),(#177,#178),(#179,
#180),(#181,#182),(#183,#184),(#185,#186),(#187,#188),(#189,#190),(#191,
#192),(#193,#194),(#195,#196),(#197,#198),(#199,#200),(#201,#202),(#203,
#204),(#205,#206),(#207,#208),(#209,#210),(#211,#212),(#213,#214),(#215,
#216),(#217,#218),(#219,#220),(#221,#222),(#223,#224),(#225,#226),(#227,
#228),(#229,#230),(#231,#232),(#233,#234),(#235,#236),(#237,#238),(#239,
#240),(#241,#242),(#243,#244),(#245,#246),(#247,#248),(#249,#250),(#251,
#252),(#253,#254),(#255,#256)),.SURF_OF_LINEAR_EXTRUSION.,.F.,.F.,.F.,(4,
1,1,1,1,1,1,1,1,1,1,1,1,1,1,1,1,1,1,1,1,1,1,1,1,1,1,1,1,1,1,1,1,1,1,1,1,
1,1,1,1,1,1,1,1,1,1,1,1,1,4),(2,2),(0.341518576731608,0.356327083150692,
0.371135589569776,0.38594409598886,0.400752602407944,0.408156855617486,
0.415561108827028,0.42296536203657,0.430369615246112,0.434071741850883,
0.437773868455654,0.441475995060425,0.445178121665196,0.448880248269967,
0.452582374874738,0.456284501479508,0.459986628084279,0.467390881293821,
0.474795134503363,0.482199387712905,0.489603640922447,0.504412147341531,
0.511816400551073,0.519220653760615,0.534029160179699,0.548837666598783,
0.563646173017867,0.578454679436951,0.593263185856035,0.608071692275119,
0.622880198694203,0.630284451903745,0.637688705113287,0.645092958322829,
0.6487950849276,0.652497211532371,0.656199338137142,0.659901464741913,0.667305717951455,
0.674709971160997,0.682114224370538,0.68951847758008,0.696922730789622,
0.711731237208706,0.72653974362779,0.741348250046874,0.756156756465958,
0.770965262885042,0.785773769304126,0.80058227572321,0.815390782142294),
(0.,1.),.UNSPECIFIED.);
#110=B_SPLINE_SURFACE_WITH_KNOTS('',3,1,((#443,#444),(#445,#446),(#447,
#448),(#449,#450),(#451,#452),(#453,#454),(#455,#456),(#457,#458),(#459,
#460),(#461,#462),(#463,#464),(#465,#466),(#467,#468),(#469,#470),(#471,
#472),(#473,#474),(#475,#476),(#477,#478),(#479,#480),(#481,#482),(#483,
#484),(#485,#486),(#487,#488),(#489,#490),(#491,#492),(#493,#494),(#495,
#496),(#497,#498),(#499,#500),(#501,#502),(#503,#504),(#505,#506),(#507,
#508),(#509,#510),(#511,#512),(#513,#514),(#515,#516),(#517,#518),(#519,
#520),(#521,#522),(#523,#524),(#525,#526),(#527,#528),(#529,#530),(#531,
#532),(#533,#534),(#535,#536),(#537,#538),(#539,#540),(#541,#542),(#543,
#544)),.SURF_OF_LINEAR_EXTRUSION.,.F.,.F.,.F.,(4,1,1,1,1,1,1,1,1,1,1,1,
1,1,1,1,1,1,1,1,1,1,1,1,1,1,1,1,1,1,1,1,1,1,1,1,1,1,1,1,1,1,1,1,1,1,1,1,
4),(2,2),(0.852156254898973,0.866545114085025,0.880933973271078,0.89532283245713,
0.909711691643183,0.924100550829235,0.938489410015288,0.945683839608314,
0.95287826920134,0.960072698794366,0.967267128387393,0.970864343183906,
0.974461557980419,0.978058772776932,0.981655987573445,0.988850417166471,
0.996044846759498,1.00323927635252,1.01043370594555,1.01762813553858,1.0248225651316,
1.03921142431766,1.05360028350371,1.06798914268976,1.08237800187581,1.09676686106187,
1.11115572024792,1.11835014984094,1.12554457943397,1.132739009027,1.13993343862002,
1.14712786821305,1.15432229780607,1.15791951260259,1.1615167273991,1.16871115699213,
1.17590558658515,1.17950280138167,1.18310001617818,1.19029444577121,1.19748887536423,
1.21187773455028,1.22626659373634,1.24065545292239,1.25504431210844,1.26943317129449,
1.28382203048055,1.2982108896666,1.31259974885265),(0.,1.),
 .UNSPECIFIED.);
#111=B_SPLINE_SURFACE_WITH_KNOTS('',3,1,((#717,#718),(#719,#720),(#721,
#722),(#723,#724),(#725,#726),(#727,#728),(#729,#730),(#731,#732),(#733,
#734),(#735,#736),(#737,#738),(#739,#740),(#741,#742),(#743,#744),(#745,
#746),(#747,#748),(#749,#750),(#751,#752),(#753,#754),(#755,#756),(#757,
#758),(#759,#760),(#761,#762)),.SURF_OF_LINEAR_EXTRUSION.,.T.,.F.,.F.,(1,
1,1,1,1,1,1,1,1,1,1,1,1,1,1,1,1,1,1,1,1,1,1,1,1,1,1),(2,2),(-0.123824617629864,
-0.0633698772183758,-0.0293179896201212,0.,0.119062528347295,0.154803974328281,
0.178590538019688,0.241883310014582,0.302397330947963,0.330066346344309,
0.379647834410319,0.44262647993313,0.470659477464109,0.511758138331201,
0.623788310680116,0.658151588047389,0.681522789225477,0.731289272864908,
0.801501734779158,0.835184718699672,0.876175382370136,0.936630122781624,
0.970682010379879,1.,1.1190625283473,1.15480397432828,1.17859053801969),
(0.,1.),.UNSPECIFIED.);
#112=B_SPLINE_SURFACE_WITH_KNOTS('',3,1,((#997,#998),(#999,#1000),(#1001,
#1002),(#1003,#1004),(#1005,#1006),(#1007,#1008),(#1009,#1010),(#1011,#1012),
(#1013,#1014),(#1015,#1016),(#1017,#1018),(#1019,#1020),(#1021,#1022),(#1023,
#1024),(#1025,#1026),(#1027,#1028),(#1029,#1030),(#1031,#1032),(#1033,#1034),
(#1035,#1036),(#1037,#1038),(#1039,#1040),(#1041,#1042),(#1043,#1044),(#1045,
#1046),(#1047,#1048),(#1049,#1050),(#1051,#1052),(#1053,#1054),(#1055,#1056),
(#1057,#1058),(#1059,#1060),(#1061,#1062),(#1063,#1064),(#1065,#1066),(#1067,
#1068),(#1069,#1070),(#1071,#1072),(#1073,#1074),(#1075,#1076),(#1077,#1078),
(#1079,#1080),(#1081,#1082),(#1083,#1084),(#1085,#1086),(#1087,#1088),(#1089,
#1090),(#1091,#1092),(#1093,#1094),(#1095,#1096),(#1097,#1098),(#1099,#1100),
(#1101,#1102),(#1103,#1104),(#1105,#1106),(#1107,#1108),(#1109,#1110)),
 .SURF_OF_LINEAR_EXTRUSION.,.F.,.F.,.F.,(4,1,1,1,1,1,1,1,1,1,1,1,1,1,1,
1,1,1,1,1,1,1,1,1,1,1,1,1,1,1,1,1,1,1,1,1,1,1,1,1,1,1,1,1,1,1,1,1,1,1,1,
1,1,1,4),(2,2),(0.364072021013156,0.377491936601382,0.390911852189608,0.397621809983721,
0.404331767777834,0.411041725571947,0.41775168336606,0.424461641160173,
0.42781662005723,0.431171598954286,0.434526577851343,0.437881556748399,
0.441236535645456,0.444591514542512,0.447946493439569,0.451301472336625,
0.454656451233682,0.458011430130738,0.464721387924851,0.468076366821908,
0.471431345718964,0.478141303513077,0.48485126130719,0.498271176895416,
0.511691092483642,0.525111008071868,0.538530923660094,0.55195083924832,
0.565370754836546,0.578790670424772,0.592210586012998,0.605630501601224,
0.61905041718945,0.625760374983563,0.632470332777676,0.639180290571789,
0.645890248365902,0.649245227262959,0.652600206160015,0.655955185057072,
0.659310163954128,0.662665142851185,0.666020121748241,0.672730079542354,
0.679440037336467,0.682795016233524,0.68614999513058,0.692859952924693,
0.699569910718806,0.712989826307032,0.726409741895258,0.739829657483484,
0.75324957307171,0.766669488659936,0.793509319836388),(0.,1.),
 .UNSPECIFIED.);
#113=B_SPLINE_SURFACE_WITH_KNOTS('',3,1,((#1209,#1210),(#1211,#1212),(#1213,
#1214),(#1215,#1216),(#1217,#1218),(#1219,#1220),(#1221,#1222),(#1223,#1224),
(#1225,#1226),(#1227,#1228),(#1229,#1230),(#1231,#1232),(#1233,#1234),(#1235,
#1236),(#1237,#1238),(#1239,#1240),(#1241,#1242),(#1243,#1244),(#1245,#1246),
(#1247,#1248),(#1249,#1250),(#1251,#1252),(#1253,#1254),(#1255,#1256),(#1257,
#1258),(#1259,#1260),(#1261,#1262),(#1263,#1264),(#1265,#1266),(#1267,#1268),
(#1269,#1270),(#1271,#1272),(#1273,#1274),(#1275,#1276),(#1277,#1278),(#1279,
#1280),(#1281,#1282),(#1283,#1284),(#1285,#1286),(#1287,#1288),(#1289,#1290),
(#1291,#1292),(#1293,#1294),(#1295,#1296),(#1297,#1298),(#1299,#1300),(#1301,
#1302),(#1303,#1304),(#1305,#1306),(#1307,#1308),(#1309,#1310),(#1311,#1312),
(#1313,#1314),(#1315,#1316),(#1317,#1318)),.SURF_OF_LINEAR_EXTRUSION.,.F.,
 .F.,.F.,(4,1,1,1,1,1,1,1,1,1,1,1,1,1,1,1,1,1,1,1,1,1,1,1,1,1,1,1,1,1,1,
1,1,1,1,1,1,1,1,1,1,1,1,1,1,1,1,1,1,1,1,1,4),(2,2),(0.875485909938306,0.888413652817533,
0.90134139569676,0.914269138575987,0.927196881455214,0.933660752894828,
0.940124624334441,0.946588495774055,0.953052367213668,0.959516238653282,
0.965980110092895,0.969212045812702,0.972443981532509,0.975675917252316,
0.978907852972122,0.982139788691929,0.985371724411736,0.99183559585135,
0.998299467290963,1.00476333873058,1.01122721017019,1.0176910816098,1.03061882448903,
1.04354656736826,1.05647431024748,1.06940205312671,1.08232979600594,1.09525753888517,
1.10818528176439,1.11464915320401,1.12111302464362,1.12757689608323,1.13404076752285,
1.14050463896246,1.14696851040207,1.15020044612188,1.15343238184169,1.15666431756149,
1.1598962532813,1.16636012472091,1.17282399616053,1.17605593188034,1.17928786760014,
1.18575173903976,1.19221561047937,1.19867948191898,1.2051433533586,1.21160722479821,
1.22453496767744,1.23746271055666,1.25039045343589,1.26331819631512,1.28917368207357),
(0.,1.),.UNSPECIFIED.);
#114=ADVANCED_FACE('',(#97),#109,.F.);
#115=ADVANCED_FACE('',(#98),#110,.F.);
#116=ADVANCED_FACE('',(#99,#100),#111,.T.);
#117=ADVANCED_FACE('',(#101,#102),#12,.T.);
#118=ADVANCED_FACE('',(#103,#104),#13,.T.);
#119=ADVANCED_FACE('',(#105),#112,.T.);
#120=ADVANCED_FACE('',(#106),#113,.T.);
#121=ADVANCED_FACE('',(#107,#108),#14,.F.);
#122=CLOSED_SHELL('',(#114,#115,#116,#117,#118,#119,#120,#121));
#123=STYLED_ITEM('',(#124),#131);
#124=PRESENTATION_STYLE_ASSIGNMENT((#125));
#125=SURFACE_STYLE_USAGE(.BOTH.,#126);
#126=SURFACE_SIDE_STYLE('',(#127));
#127=SURFACE_STYLE_FILL_AREA(#128);
#128=FILL_AREA_STYLE('',(#129));
#129=FILL_AREA_STYLE_COLOUR('',#130);
#130=COLOUR_RGB('',0.63921568627451,0.972549019607843,0.992156862745098);
#131=MANIFOLD_SOLID_BREP('Part 1',#122);
#132=SHAPE_DEFINITION_REPRESENTATION(#1414,#133);
#133=SHAPE_REPRESENTATION('Part 1',(#134),#1409);
#134=AXIS2_PLACEMENT_3D('',#150,#138,#139);
#135=AXIS2_PLACEMENT_3D('',#811,#142,#143);
#136=AXIS2_PLACEMENT_3D('',#812,#144,#145);
#137=AXIS2_PLACEMENT_3D('',#1407,#148,#149);
#138=DIRECTION('',(0.,0.,1.));
#139=DIRECTION('',(1.,0.,0.));
#140=DIRECTION('',(0.,0.,1.));
#141=DIRECTION('',(0.,0.,1.));
#142=DIRECTION('',(0.,0.,-1.));
#143=DIRECTION('',(-1.,0.,0.));
#144=DIRECTION('',(0.,0.,-1.));
#145=DIRECTION('',(-1.,0.,0.));
#146=DIRECTION('',(0.,0.,-1.));
#147=DIRECTION('',(0.,0.,-1.));
#148=DIRECTION('',(0.,0.,-1.));
#149=DIRECTION('',(-1.,0.,0.));
#150=CARTESIAN_POINT('',(0.,0.,0.));
#151=CARTESIAN_POINT('',(0.00650207824692961,0.0118165197854629,-0.0127));
#152=CARTESIAN_POINT('',(0.00650207824692961,0.0118165197854629,-6.93889390390723E-18));
#153=CARTESIAN_POINT('',(0.00691741732542541,0.0116962947272103,-0.0127));
#154=CARTESIAN_POINT('',(0.00691741732542541,0.0116962947272103,-6.93889390390723E-18));
#155=CARTESIAN_POINT('',(0.00847204188961616,0.011477325137809,-0.0127));
#156=CARTESIAN_POINT('',(0.00847204188961616,0.011477325137809,-1.04083408558608E-17));
#157=CARTESIAN_POINT('',(0.0120742374870423,0.0114871247427647,-0.0127));
#158=CARTESIAN_POINT('',(0.0120742374870423,0.0114871247427647,-5.20417042793042E-18));
#159=CARTESIAN_POINT('',(0.0166105457055894,0.0116476506325127,-0.0127));
#160=CARTESIAN_POINT('',(0.0166105457055894,0.0116476506325127,-1.56125112837913E-17));
#161=CARTESIAN_POINT('',(0.0207627281869644,0.011765155386737,-0.0127));
#162=CARTESIAN_POINT('',(0.0207627281869644,0.011765155386737,-3.46944695195361E-18));
#163=CARTESIAN_POINT('',(0.023940009614097,0.0117538941926549,-0.0127));
#164=CARTESIAN_POINT('',(0.023940009614097,0.0117538941926549,-6.93889390390723E-18));
#165=CARTESIAN_POINT('',(0.0261776476037641,0.0116682443510923,-0.0127));
#166=CARTESIAN_POINT('',(0.0261776476037641,0.0116682443510923,-6.93889390390723E-18));
#167=CARTESIAN_POINT('',(0.0282034303495185,0.0114752089289761,-0.0127));
#168=CARTESIAN_POINT('',(0.0282034303495185,0.0114752089289761,-5.20417042793042E-18));
#169=CARTESIAN_POINT('',(0.0296824954646516,0.0111915237428763,-0.0127));
#170=CARTESIAN_POINT('',(0.0296824954646516,0.0111915237428763,-1.73472347597681E-18));
#171=CARTESIAN_POINT('',(0.0307671989513227,0.010827282355377,-0.0127));
#172=CARTESIAN_POINT('',(0.0307671989513227,0.010827282355377,-1.21430643318376E-17));
#173=CARTESIAN_POINT('',(0.031550773251556,0.0104363994408059,-0.0127));
#174=CARTESIAN_POINT('',(0.031550773251556,0.0104363994408059,-6.93889390390723E-18));
#175=CARTESIAN_POINT('',(0.0323332462649083,0.00982824161249278,-0.0127));
#176=CARTESIAN_POINT('',(0.0323332462649083,0.00982824161249278,-1.38777878078145E-17));
#177=CARTESIAN_POINT('',(0.0329643410569217,0.00880790745614031,-0.0127));
#178=CARTESIAN_POINT('',(0.0329643410569217,0.00880790745614031,-1.73472347597681E-18));
#179=CARTESIAN_POINT('',(0.0331246689341779,0.00774699679845642,-0.0127));
#180=CARTESIAN_POINT('',(0.0331246689341779,0.00774699679845642,-1.38777878078145E-17));
#181=CARTESIAN_POINT('',(0.0330047955754433,0.00686944536096326,-0.0127));
#182=CARTESIAN_POINT('',(0.0330047955754433,0.00686944536096326,-5.20417042793042E-18));
#183=CARTESIAN_POINT('',(0.0327614671801178,0.00615210612393267,-0.0127));
#184=CARTESIAN_POINT('',(0.0327614671801178,0.00615210612393267,-8.67361737988404E-18));
#185=CARTESIAN_POINT('',(0.0323646268932681,0.00533511692673321,-0.0127));
#186=CARTESIAN_POINT('',(0.0323646268932681,0.00533511692673321,-6.93889390390723E-18));
#187=CARTESIAN_POINT('',(0.0318033260836089,0.00447637425658249,-0.0127));
#188=CARTESIAN_POINT('',(0.0318033260836089,0.00447637425658249,-8.67361737988404E-18));
#189=CARTESIAN_POINT('',(0.0312405838028625,0.00368376148158017,-0.0127));
#190=CARTESIAN_POINT('',(0.0312405838028625,0.00368376148158017,-5.20417042793042E-18));
#191=CARTESIAN_POINT('',(0.0306733154404188,0.00290688335008962,-0.0127));
#192=CARTESIAN_POINT('',(0.0306733154404188,0.00290688335008962,-1.04083408558608E-17));
#193=CARTESIAN_POINT('',(0.0298183149653219,0.00182055359825561,-0.0127));
#194=CARTESIAN_POINT('',(0.0298183149653219,0.00182055359825561,-1.21430643318376E-17));
#195=CARTESIAN_POINT('',(0.0286994254827772,0.000526837554535175,-0.0127));
#196=CARTESIAN_POINT('',(0.0286994254827772,0.000526837554535175,-5.20417042793042E-18));
#197=CARTESIAN_POINT('',(0.0270177597123613,-0.00131023771581846,-0.0127));
#198=CARTESIAN_POINT('',(0.0270177597123613,-0.00131023771581846,-6.93889390390723E-18));
#199=CARTESIAN_POINT('',(0.0248534606659623,-0.00362939974383262,-0.0127));
#200=CARTESIAN_POINT('',(0.0248534606659623,-0.00362939974383262,-3.46944695195361E-18));
#201=CARTESIAN_POINT('',(0.0213589014401275,-0.00731686416326909,-0.0127));
#202=CARTESIAN_POINT('',(0.0213589014401275,-0.00731686416326909,-1.21430643318376E-17));
#203=CARTESIAN_POINT('',(0.0162870778439584,-0.0126179928595236,-0.0127));
#204=CARTESIAN_POINT('',(0.0162870778439584,-0.0126179928595236,-1.21430643318376E-17));
#205=CARTESIAN_POINT('',(0.0107294372497378,-0.0184007395833214,-0.0127));
#206=CARTESIAN_POINT('',(0.0107294372497378,-0.0184007395833214,-5.20417042793042E-18));
#207=CARTESIAN_POINT('',(0.00507928650566478,-0.0242698506114887,-0.0127));
#208=CARTESIAN_POINT('',(0.00507928650566478,-0.0242698506114887,-8.67361737988404E-18));
#209=CARTESIAN_POINT('',(-0.000269127990434077,-0.0298287027129215,-0.0127));
#210=CARTESIAN_POINT('',(-0.000269127990434077,-0.0298287027129215,-1.73472347597681E-18));
#211=CARTESIAN_POINT('',(-0.00492104135905976,-0.0346814770053377,-0.0127));
#212=CARTESIAN_POINT('',(-0.00492104135905976,-0.0346814770053377,-1.38777878078145E-17));
#213=CARTESIAN_POINT('',(-0.00788591849709098,-0.0378005355841158,-0.0127));
#214=CARTESIAN_POINT('',(-0.00788591849709098,-0.0378005355841158,-3.46944695195361E-18));
#215=CARTESIAN_POINT('',(-0.00950852878661368,-0.0395444707423414,-0.0127));
#216=CARTESIAN_POINT('',(-0.00950852878661368,-0.0395444707423414,-1.38777878078145E-17));
#217=CARTESIAN_POINT('',(-0.0104889668609573,-0.0405551084629094,-0.0127));
#218=CARTESIAN_POINT('',(-0.0104889668609573,-0.0405551084629094,-3.46944695195361E-18));
#219=CARTESIAN_POINT('',(-0.0112533896090028,-0.0412254989005948,-0.0127));
#220=CARTESIAN_POINT('',(-0.0112533896090028,-0.0412254989005948,-6.93889390390723E-18));
#221=CARTESIAN_POINT('',(-0.0120190283593699,-0.0416853617087273,-0.0127));
#222=CARTESIAN_POINT('',(-0.0120190283593699,-0.0416853617087273,-8.67361737988404E-18));
#223=CARTESIAN_POINT('',(-0.0127295093372611,-0.0419480316574418,-0.0127));
#224=CARTESIAN_POINT('',(-0.0127295093372611,-0.0419480316574418,-3.46944695195361E-18));
#225=CARTESIAN_POINT('',(-0.0135517812663185,-0.0420290394164475,-0.0127));
#226=CARTESIAN_POINT('',(-0.0135517812663185,-0.0420290394164475,-8.67361737988404E-18));
#227=CARTESIAN_POINT('',(-0.0145759024658388,-0.0418542609724058,-0.0127));
#228=CARTESIAN_POINT('',(-0.0145759024658388,-0.0418542609724058,-6.93889390390723E-18));
#229=CARTESIAN_POINT('',(-0.0156187387900491,-0.0412855627000549,-0.0127));
#230=CARTESIAN_POINT('',(-0.0156187387900491,-0.0412855627000549,-6.93889390390723E-18));
#231=CARTESIAN_POINT('',(-0.0165754365440532,-0.040247075507532,-0.0127));
#232=CARTESIAN_POINT('',(-0.0165754365440532,-0.040247075507532,-8.67361737988404E-18));
#233=CARTESIAN_POINT('',(-0.0172011779233213,-0.0388425367570923,-0.0127));
#234=CARTESIAN_POINT('',(-0.0172011779233213,-0.0388425367570923,-3.46944695195361E-18));
#235=CARTESIAN_POINT('',(-0.017366839741463,-0.0373500005830867,-0.0127));
#236=CARTESIAN_POINT('',(-0.017366839741463,-0.0373500005830867,-1.21430643318376E-17));
#237=CARTESIAN_POINT('',(-0.0172216660184983,-0.0353975022650667,-0.0127));
#238=CARTESIAN_POINT('',(-0.0172216660184983,-0.0353975022650667,-1.73472347597681E-18));
#239=CARTESIAN_POINT('',(-0.016599125542908,-0.0327775067700948,-0.0127));
#240=CARTESIAN_POINT('',(-0.016599125542908,-0.0327775067700948,-1.21430643318376E-17));
#241=CARTESIAN_POINT('',(-0.0154569624466766,-0.0291959671675493,-0.0127));
#242=CARTESIAN_POINT('',(-0.0154569624466766,-0.0291959671675493,-6.93889390390723E-18));
#243=CARTESIAN_POINT('',(-0.0141682409849163,-0.02516226099865,-0.0127));
#244=CARTESIAN_POINT('',(-0.0141682409849163,-0.02516226099865,-5.20417042793042E-18));
#245=CARTESIAN_POINT('',(-0.0128035373800443,-0.0207861794953883,-0.0127));
#246=CARTESIAN_POINT('',(-0.0128035373800443,-0.0207861794953883,-5.20417042793042E-18));
#247=CARTESIAN_POINT('',(-0.0114103891545683,-0.0164005416784223,-0.0127));
#248=CARTESIAN_POINT('',(-0.0114103891545683,-0.0164005416784223,-8.67361737988404E-18));
#249=CARTESIAN_POINT('',(-0.0100438724313752,-0.0122921050537991,-0.0127));
#250=CARTESIAN_POINT('',(-0.0100438724313752,-0.0122921050537991,-6.93889390390723E-18));
#251=CARTESIAN_POINT('',(-0.00874028752672551,-0.00871008634390889,-0.0127));
#252=CARTESIAN_POINT('',(-0.00874028752672551,-0.00871008634390889,-1.04083408558608E-17));
#253=CARTESIAN_POINT('',(-0.00795767406846725,-0.00691886773353022,-0.0127));
#254=CARTESIAN_POINT('',(-0.00795767406846725,-0.00691886773353022,-5.20417042793042E-18));
#255=CARTESIAN_POINT('',(-0.00773707615419634,-0.00630896838433337,-0.0127));
#256=CARTESIAN_POINT('',(-0.00773707615419634,-0.00630896838433337,-6.93889390390723E-18));
#257=CARTESIAN_POINT('',(0.00650207824692961,0.0118165197854629,0.));
#258=CARTESIAN_POINT('',(0.00670974778617751,0.0117564072563366,0.));
#259=CARTESIAN_POINT('',(0.00731144086482259,0.0116330068793641,0.));
#260=CARTESIAN_POINT('',(0.00862899265483722,0.0115213600092287,0.));
#261=CARTESIAN_POINT('',(0.0102750986046654,0.0114837578996329,0.));
#262=CARTESIAN_POINT('',(0.0121923793990243,0.0115057167812461,0.));
#263=CARTESIAN_POINT('',(0.0143349213426117,0.0115668497167632,0.));
#264=CARTESIAN_POINT('',(0.0166675705235515,0.0116453294617867,0.));
#265=CARTESIAN_POINT('',(0.0191043815558214,0.0117182160464874,0.));
#266=CARTESIAN_POINT('',(0.0215563685160058,0.0117623190700304,0.));
#267=CARTESIAN_POINT('',(0.0239402033636564,0.0117539157039593,0.));
#268=CARTESIAN_POINT('',(0.0258046610883326,0.0116824687207103,0.));
#269=CARTESIAN_POINT('',(0.0271905845576057,0.0115718134249296,0.));
#270=CARTESIAN_POINT('',(0.0281717849306797,0.0114570715432446,0.));
#271=CARTESIAN_POINT('',(0.0290919532091916,0.0113037671747451,0.));
#272=CARTESIAN_POINT('',(0.029953549325753,0.011100847930987,0.));
#273=CARTESIAN_POINT('',(0.0307666032029946,0.0108269748580059,0.));
#274=CARTESIAN_POINT('',(0.0314221657466947,0.0105021998890882,0.));
#275=CARTESIAN_POINT('',(0.031938550126578,0.0101312060935868,0.));
#276=CARTESIAN_POINT('',(0.0322511366635535,0.00983499055037368,0.));
#277=CARTESIAN_POINT('',(0.0324842936643435,0.00954941246406861,0.));
#278=CARTESIAN_POINT('',(0.0326979027273012,0.00923187380414934,0.));
#279=CARTESIAN_POINT('',(0.0329035391566589,0.00880350924182113,0.));
#280=CARTESIAN_POINT('',(0.0330443473587079,0.00827528455161102,0.));
#281=CARTESIAN_POINT('',(0.0331047843036319,0.00760199604574895,0.));
#282=CARTESIAN_POINT('',(0.033004735396465,0.00686896285752719,0.));
#283=CARTESIAN_POINT('',(0.0327615827451437,0.00615243025274049,0.));
#284=CARTESIAN_POINT('',(0.0324634348838555,0.00553855021423805,0.));
#285=CARTESIAN_POINT('',(0.0321415993288789,0.00499455177704538,0.));
#286=CARTESIAN_POINT('',(0.0318724556925003,0.00458825452982256,0.));
#287=CARTESIAN_POINT('',(0.0316666474839727,0.0042902934752471,0.));
#288=CARTESIAN_POINT('',(0.0315219376629493,0.00408399841793739,0.));
#289=CARTESIAN_POINT('',(0.0313807563219616,0.0038838752945563,0.));
#290=CARTESIAN_POINT('',(0.0310990517266332,0.0034883499548413,0.));
#291=CARTESIAN_POINT('',(0.0306731392563429,0.00290727033126993,0.));
#292=CARTESIAN_POINT('',(0.0300323310731993,0.00209230643037483,0.));
#293=CARTESIAN_POINT('',(0.029257982451713,0.00117262701857248,0.));
#294=CARTESIAN_POINT('',(0.0282792442305672,6.78520602526625E-5,0.));
#295=CARTESIAN_POINT('',(0.0270177067231225,-0.00131030245121883,0.));
#296=CARTESIAN_POINT('',(0.0253945121941232,-0.0030496336185337,0.));
#297=CARTESIAN_POINT('',(0.0234557828986229,-0.00510422324938799,0.));
#298=CARTESIAN_POINT('',(0.0212490750093163,-0.00742642165233477,0.));
#299=CARTESIAN_POINT('',(0.0188229731797099,-0.00996744651381796,0.));
#300=CARTESIAN_POINT('',(0.0153608141273622,-0.0135817722877775,0.));
#301=CARTESIAN_POINT('',(0.0107294321194377,-0.0184007548026251,0.));
#302=CARTESIAN_POINT('',(0.00507929434187621,-0.0242698068089895,0.));
#303=CARTESIAN_POINT('',(0.000622253886162799,-0.0289023533878439,0.));
#304=CARTESIAN_POINT('',(-0.00259504927103404,-0.0322548717743395,0.));
#305=CARTESIAN_POINT('',(-0.00478425874170548,-0.0345425428876618,0.));
#306=CARTESIAN_POINT('',(-0.00670010311351469,-0.0365539147091575,0.));
#307=CARTESIAN_POINT('',(-0.0082914490841368,-0.0382363317984142,0.));
#308=CARTESIAN_POINT('',(-0.0095088812563172,-0.0395442184868209,0.));
#309=CARTESIAN_POINT('',(-0.0103245460156184,-0.0403876239646786,0.));
#310=CARTESIAN_POINT('',(-0.0109493761151508,-0.04095567395727,0.));
#311=CARTESIAN_POINT('',(-0.0114443738248154,-0.0413408494129775,0.));
#312=CARTESIAN_POINT('',(-0.012018974641121,-0.0416854912355799,0.));
#313=CARTESIAN_POINT('',(-0.0126116205085505,-0.0419035224889984,0.));
#314=CARTESIAN_POINT('',(-0.0131397116437515,-0.041989825150158,0.));
#315=CARTESIAN_POINT('',(-0.0135446073282346,-0.0420023128546735,0.));
#316=CARTESIAN_POINT('',(-0.0139383656118044,-0.0419630683377963,0.));
#317=CARTESIAN_POINT('',(-0.0144308036092864,-0.041853156207173,0.));
#318=CARTESIAN_POINT('',(-0.014991706771594,-0.0416253609804057,0.));
#319=CARTESIAN_POINT('',(-0.0155822540313595,-0.0412419882526584,0.));
#320=CARTESIAN_POINT('',(-0.0160970040082149,-0.0407640129435881,0.));
#321=CARTESIAN_POINT('',(-0.0165344135251801,-0.0401995565600933,0.));
#322=CARTESIAN_POINT('',(-0.0168282395714038,-0.0396617280127763,0.));
#323=CARTESIAN_POINT('',(-0.0170148710485834,-0.0391963061653368,0.));
#324=CARTESIAN_POINT('',(-0.0171676940512447,-0.0387052726138336,0.));
#325=CARTESIAN_POINT('',(-0.0172838682428846,-0.038089073446282,0.));
#326=CARTESIAN_POINT('',(-0.0173326526483978,-0.0373548654989024,0.));
#327=CARTESIAN_POINT('',(-0.0173120175019372,-0.0366196304921178,0.));
#328=CARTESIAN_POINT('',(-0.0172108135025283,-0.0356284174009973,0.));
#329=CARTESIAN_POINT('',(-0.0169709093842677,-0.034351121001562,0.));
#330=CARTESIAN_POINT('',(-0.0165498693391114,-0.0327226503331193,0.));
#331=CARTESIAN_POINT('',(-0.0160292519912114,-0.0309857732779498,0.));
#332=CARTESIAN_POINT('',(-0.0154386606872891,-0.0291377964600674,0.));
#333=CARTESIAN_POINT('',(-0.0148113215741628,-0.0271866773207218,0.));
#334=CARTESIAN_POINT('',(-0.0141590181032097,-0.0251180866280888,0.));
#335=CARTESIAN_POINT('',(-0.0134860697793843,-0.02297216682446,0.));
#336=CARTESIAN_POINT('',(-0.0125712003478845,-0.0200562902216121,0.));
#337=CARTESIAN_POINT('',(-0.0116428777665944,-0.0171323424681245,0.));
#338=CARTESIAN_POINT('',(-0.0107266470363347,-0.0143445537568167,0.));
#339=CARTESIAN_POINT('',(-0.0100514500906808,-0.0123569597123246,0.));
#340=CARTESIAN_POINT('',(-0.0095033408548937,-0.0108150396448969,0.));
#341=CARTESIAN_POINT('',(-0.00907580641153457,-0.00966660678929241,0.));
#342=CARTESIAN_POINT('',(-0.00876085311067945,-0.0088505222025299,0.));
#343=CARTESIAN_POINT('',(-0.00845217102336294,-0.00808701325836345,0.));
#344=CARTESIAN_POINT('',(-0.00807486653040549,-0.00717683372990107,0.));
#345=CARTESIAN_POINT('',(-0.00784737511133179,-0.00661391805893179,0.));
#346=CARTESIAN_POINT('',(-0.00773707615419634,-0.00630896838433337,0.));
#347=CARTESIAN_POINT('',(0.00650207824692961,0.0118165197854629,0.));
#348=CARTESIAN_POINT('',(-0.00773707615419634,-0.00630896838433338,0.));
#349=CARTESIAN_POINT('',(-0.00773707615419634,-0.00630896838433338,-0.0127));
#350=CARTESIAN_POINT('',(-0.00773707615419634,-0.00630896838433338,-0.0127));
#351=CARTESIAN_POINT('',(0.00650207824692961,0.0118165197854629,-0.0127));
#352=CARTESIAN_POINT('',(0.00670974778617751,0.0117564072563366,-0.0127));
#353=CARTESIAN_POINT('',(0.00731144086482259,0.0116330068793641,-0.0127));
#354=CARTESIAN_POINT('',(0.00862899265483722,0.0115213600092287,-0.0127));
#355=CARTESIAN_POINT('',(0.0102750986046654,0.0114837578996329,-0.0127));
#356=CARTESIAN_POINT('',(0.0121923793990243,0.0115057167812461,-0.0127));
#357=CARTESIAN_POINT('',(0.0143349213426117,0.0115668497167632,-0.0127));
#358=CARTESIAN_POINT('',(0.0166675705235515,0.0116453294617867,-0.0127));
#359=CARTESIAN_POINT('',(0.0191043815558214,0.0117182160464874,-0.0127));
#360=CARTESIAN_POINT('',(0.0215563685160058,0.0117623190700304,-0.0127));
#361=CARTESIAN_POINT('',(0.0239402033636564,0.0117539157039593,-0.0127));
#362=CARTESIAN_POINT('',(0.0258046610883326,0.0116824687207103,-0.0127));
#363=CARTESIAN_POINT('',(0.0271905845576057,0.0115718134249296,-0.0127));
#364=CARTESIAN_POINT('',(0.0281717849306797,0.0114570715432446,-0.0127));
#365=CARTESIAN_POINT('',(0.0290919532091916,0.0113037671747451,-0.0127));
#366=CARTESIAN_POINT('',(0.029953549325753,0.011100847930987,-0.0127));
#367=CARTESIAN_POINT('',(0.0307666032029946,0.0108269748580059,-0.0127));
#368=CARTESIAN_POINT('',(0.0314221657466947,0.0105021998890882,-0.0127));
#369=CARTESIAN_POINT('',(0.031938550126578,0.0101312060935868,-0.0127));
#370=CARTESIAN_POINT('',(0.0322511366635535,0.00983499055037368,-0.0127));
#371=CARTESIAN_POINT('',(0.0324842936643435,0.00954941246406861,-0.0127));
#372=CARTESIAN_POINT('',(0.0326979027273012,0.00923187380414934,-0.0127));
#373=CARTESIAN_POINT('',(0.0329035391566589,0.00880350924182113,-0.0127));
#374=CARTESIAN_POINT('',(0.0330443473587079,0.00827528455161102,-0.0127));
#375=CARTESIAN_POINT('',(0.0331047843036319,0.00760199604574895,-0.0127));
#376=CARTESIAN_POINT('',(0.033004735396465,0.00686896285752719,-0.0127));
#377=CARTESIAN_POINT('',(0.0327615827451437,0.00615243025274049,-0.0127));
#378=CARTESIAN_POINT('',(0.0324634348838555,0.00553855021423805,-0.0127));
#379=CARTESIAN_POINT('',(0.0321415993288789,0.00499455177704538,-0.0127));
#380=CARTESIAN_POINT('',(0.0318724556925003,0.00458825452982256,-0.0127));
#381=CARTESIAN_POINT('',(0.0316666474839727,0.0042902934752471,-0.0127));
#382=CARTESIAN_POINT('',(0.0315219376629493,0.00408399841793739,-0.0127));
#383=CARTESIAN_POINT('',(0.0313807563219616,0.0038838752945563,-0.0127));
#384=CARTESIAN_POINT('',(0.0310990517266332,0.0034883499548413,-0.0127));
#385=CARTESIAN_POINT('',(0.0306731392563429,0.00290727033126993,-0.0127));
#386=CARTESIAN_POINT('',(0.0300323310731993,0.00209230643037483,-0.0127));
#387=CARTESIAN_POINT('',(0.029257982451713,0.00117262701857248,-0.0127));
#388=CARTESIAN_POINT('',(0.0282792442305672,6.78520602526625E-5,-0.0127));
#389=CARTESIAN_POINT('',(0.0270177067231225,-0.00131030245121883,-0.0127));
#390=CARTESIAN_POINT('',(0.0253945121941232,-0.0030496336185337,-0.0127));
#391=CARTESIAN_POINT('',(0.0234557828986229,-0.00510422324938799,-0.0127));
#392=CARTESIAN_POINT('',(0.0212490750093163,-0.00742642165233477,-0.0127));
#393=CARTESIAN_POINT('',(0.0188229731797099,-0.00996744651381796,-0.0127));
#394=CARTESIAN_POINT('',(0.0153608141273622,-0.0135817722877775,-0.0127));
#395=CARTESIAN_POINT('',(0.0107294321194377,-0.0184007548026251,-0.0127));
#396=CARTESIAN_POINT('',(0.00507929434187621,-0.0242698068089895,-0.0127));
#397=CARTESIAN_POINT('',(0.000622253886162799,-0.0289023533878439,-0.0127));
#398=CARTESIAN_POINT('',(-0.00259504927103404,-0.0322548717743395,-0.0127));
#399=CARTESIAN_POINT('',(-0.00478425874170548,-0.0345425428876618,-0.0127));
#400=CARTESIAN_POINT('',(-0.00670010311351469,-0.0365539147091575,-0.0127));
#401=CARTESIAN_POINT('',(-0.0082914490841368,-0.0382363317984142,-0.0127));
#402=CARTESIAN_POINT('',(-0.0095088812563172,-0.0395442184868209,-0.0127));
#403=CARTESIAN_POINT('',(-0.0103245460156184,-0.0403876239646786,-0.0127));
#404=CARTESIAN_POINT('',(-0.0109493761151508,-0.04095567395727,-0.0127));
#405=CARTESIAN_POINT('',(-0.0114443738248154,-0.0413408494129775,-0.0127));
#406=CARTESIAN_POINT('',(-0.012018974641121,-0.0416854912355799,-0.0127));
#407=CARTESIAN_POINT('',(-0.0126116205085505,-0.0419035224889984,-0.0127));
#408=CARTESIAN_POINT('',(-0.0131397116437515,-0.041989825150158,-0.0127));
#409=CARTESIAN_POINT('',(-0.0135446073282346,-0.0420023128546735,-0.0127));
#410=CARTESIAN_POINT('',(-0.0139383656118044,-0.0419630683377963,-0.0127));
#411=CARTESIAN_POINT('',(-0.0144308036092864,-0.041853156207173,-0.0127));
#412=CARTESIAN_POINT('',(-0.014991706771594,-0.0416253609804057,-0.0127));
#413=CARTESIAN_POINT('',(-0.0155822540313595,-0.0412419882526584,-0.0127));
#414=CARTESIAN_POINT('',(-0.0160970040082149,-0.0407640129435881,-0.0127));
#415=CARTESIAN_POINT('',(-0.0165344135251801,-0.0401995565600933,-0.0127));
#416=CARTESIAN_POINT('',(-0.0168282395714038,-0.0396617280127763,-0.0127));
#417=CARTESIAN_POINT('',(-0.0170148710485834,-0.0391963061653368,-0.0127));
#418=CARTESIAN_POINT('',(-0.0171676940512447,-0.0387052726138336,-0.0127));
#419=CARTESIAN_POINT('',(-0.0172838682428846,-0.038089073446282,-0.0127));
#420=CARTESIAN_POINT('',(-0.0173326526483978,-0.0373548654989024,-0.0127));
#421=CARTESIAN_POINT('',(-0.0173120175019372,-0.0366196304921178,-0.0127));
#422=CARTESIAN_POINT('',(-0.0172108135025283,-0.0356284174009973,-0.0127));
#423=CARTESIAN_POINT('',(-0.0169709093842677,-0.034351121001562,-0.0127));
#424=CARTESIAN_POINT('',(-0.0165498693391114,-0.0327226503331193,-0.0127));
#425=CARTESIAN_POINT('',(-0.0160292519912114,-0.0309857732779498,-0.0127));
#426=CARTESIAN_POINT('',(-0.0154386606872891,-0.0291377964600674,-0.0127));
#427=CARTESIAN_POINT('',(-0.0148113215741628,-0.0271866773207218,-0.0127));
#428=CARTESIAN_POINT('',(-0.0141590181032097,-0.0251180866280888,-0.0127));
#429=CARTESIAN_POINT('',(-0.0134860697793843,-0.02297216682446,-0.0127));
#430=CARTESIAN_POINT('',(-0.0125712003478845,-0.0200562902216121,-0.0127));
#431=CARTESIAN_POINT('',(-0.0116428777665944,-0.0171323424681245,-0.0127));
#432=CARTESIAN_POINT('',(-0.0107266470363347,-0.0143445537568167,-0.0127));
#433=CARTESIAN_POINT('',(-0.0100514500906808,-0.0123569597123246,-0.0127));
#434=CARTESIAN_POINT('',(-0.0095033408548937,-0.0108150396448969,-0.0127));
#435=CARTESIAN_POINT('',(-0.00907580641153457,-0.00966660678929241,-0.0127));
#436=CARTESIAN_POINT('',(-0.00876085311067945,-0.0088505222025299,-0.0127));
#437=CARTESIAN_POINT('',(-0.00845217102336294,-0.00808701325836345,-0.0127));
#438=CARTESIAN_POINT('',(-0.00807486653040549,-0.00717683372990107,-0.0127));
#439=CARTESIAN_POINT('',(-0.00784737511133179,-0.00661391805893179,-0.0127));
#440=CARTESIAN_POINT('',(-0.00773707615419634,-0.00630896838433337,-0.0127));
#441=CARTESIAN_POINT('',(0.00650207824692961,0.0118165197854629,-0.0127));
#442=CARTESIAN_POINT('',(0.00650207824692961,0.0118165197854629,-0.0127));
#443=CARTESIAN_POINT('',(-0.00773707615419634,-0.00630896838433339,-0.0127));
#444=CARTESIAN_POINT('',(-0.00773707615419634,-0.00630896838433339,1.196959198424E-16));
#445=CARTESIAN_POINT('',(-0.00834625606586921,-0.00626679573020415,-0.0127));
#446=CARTESIAN_POINT('',(-0.00834625606586921,-0.00626679573020415,1.196959198424E-16));
#447=CARTESIAN_POINT('',(-0.0101157276052472,-0.00630604219916028,-0.0127));
#448=CARTESIAN_POINT('',(-0.0101157276052472,-0.00630604219916028,1.21430643318376E-16));
#449=CARTESIAN_POINT('',(-0.0136309607061299,-0.00649728326773442,-0.0127));
#450=CARTESIAN_POINT('',(-0.0136309607061299,-0.00649728326773442,1.17961196366423E-16));
#451=CARTESIAN_POINT('',(-0.0174213003257294,-0.00656779988557138,-0.0127));
#452=CARTESIAN_POINT('',(-0.0174213003257294,-0.00656779988557138,1.2490009027033E-16));
#453=CARTESIAN_POINT('',(-0.0212525590475056,-0.00656734121743932,-0.0127));
#454=CARTESIAN_POINT('',(-0.0212525590475056,-0.00656734121743932,1.21430643318376E-16));
#455=CARTESIAN_POINT('',(-0.0248859070571878,-0.00649245221970877,-0.0127));
#456=CARTESIAN_POINT('',(-0.0248859070571878,-0.00649245221970877,1.17961196366423E-16));
#457=CARTESIAN_POINT('',(-0.0275228177190314,-0.00638178125021509,-0.0127));
#458=CARTESIAN_POINT('',(-0.0275228177190314,-0.00638178125021509,1.16226472890446E-16));
#459=CARTESIAN_POINT('',(-0.0293422137719767,-0.00625608310867309,-0.0127));
#460=CARTESIAN_POINT('',(-0.0293422137719767,-0.00625608310867309,1.2490009027033E-16));
#461=CARTESIAN_POINT('',(-0.0305929555770664,-0.00610692178097936,-0.0127));
#462=CARTESIAN_POINT('',(-0.0305929555770664,-0.00610692178097936,1.21430643318376E-16));
#463=CARTESIAN_POINT('',(-0.0317505920118841,-0.00585836014132547,-0.0127));
#464=CARTESIAN_POINT('',(-0.0317505920118841,-0.00585836014132547,1.21430643318376E-16));
#465=CARTESIAN_POINT('',(-0.0327018118596339,-0.00548034027330816,-0.0127));
#466=CARTESIAN_POINT('',(-0.0327018118596339,-0.00548034027330816,1.21430643318376E-16));
#467=CARTESIAN_POINT('',(-0.0334457387593962,-0.00495508547759846,-0.0127));
#468=CARTESIAN_POINT('',(-0.0334457387593962,-0.00495508547759846,1.23165366794353E-16));
#469=CARTESIAN_POINT('',(-0.0339776991255085,-0.00438654398884949,-0.0127));
#470=CARTESIAN_POINT('',(-0.0339776991255085,-0.00438654398884949,1.196959198424E-16));
#471=CARTESIAN_POINT('',(-0.03438405554933,-0.0036087073920493,-0.0127));
#472=CARTESIAN_POINT('',(-0.03438405554933,-0.0036087073920493,1.23165366794353E-16));
#473=CARTESIAN_POINT('',(-0.0345951278955835,-0.00245945981611744,-0.0127));
#474=CARTESIAN_POINT('',(-0.0345951278955835,-0.00245945981611744,1.23165366794353E-16));
#475=CARTESIAN_POINT('',(-0.0343430698544152,-0.00118796382014901,-0.0127));
#476=CARTESIAN_POINT('',(-0.0343430698544152,-0.00118796382014901,1.16226472890446E-16));
#477=CARTESIAN_POINT('',(-0.0336847626554692,0.000201631431576365,-0.0127));
#478=CARTESIAN_POINT('',(-0.0336847626554692,0.000201631431576365,1.23165366794353E-16));
#479=CARTESIAN_POINT('',(-0.032646779078799,0.00180313416302207,-0.0127));
#480=CARTESIAN_POINT('',(-0.032646779078799,0.00180313416302207,1.23165366794353E-16));
#481=CARTESIAN_POINT('',(-0.031210495873629,0.00370287807542044,-0.0127));
#482=CARTESIAN_POINT('',(-0.031210495873629,0.00370287807542044,1.21430643318376E-16));
#483=CARTESIAN_POINT('',(-0.0294115535559132,0.00589581703978645,-0.0127));
#484=CARTESIAN_POINT('',(-0.0294115535559132,0.00589581703978645,1.23165366794353E-16));
#485=CARTESIAN_POINT('',(-0.0265841024255118,0.00916726330580692,-0.0127));
#486=CARTESIAN_POINT('',(-0.0265841024255118,0.00916726330580692,1.196959198424E-16));
#487=CARTESIAN_POINT('',(-0.0223639512124054,0.0138067556959258,-0.0127));
#488=CARTESIAN_POINT('',(-0.0223639512124054,0.0138067556959258,1.21430643318376E-16));
#489=CARTESIAN_POINT('',(-0.0166010101055375,0.0198935728640767,-0.0127));
#490=CARTESIAN_POINT('',(-0.0166010101055375,0.0198935728640767,1.23165366794353E-16));
#491=CARTESIAN_POINT('',(-0.0105487936124848,0.0261241606572804,-0.0127));
#492=CARTESIAN_POINT('',(-0.0105487936124848,0.0261241606572804,1.17961196366423E-16));
#493=CARTESIAN_POINT('',(-0.00461926762156726,0.0321197852766175,-0.0127));
#494=CARTESIAN_POINT('',(-0.00461926762156726,0.0321197852766175,1.21430643318376E-16));
#495=CARTESIAN_POINT('',(0.000774176908884348,0.0374997747207295,-0.0127));
#496=CARTESIAN_POINT('',(0.000774176908884348,0.0374997747207295,1.17961196366423E-16));
#497=CARTESIAN_POINT('',(0.00447737069336968,0.0411533468582454,-0.0127));
#498=CARTESIAN_POINT('',(0.00447737069336968,0.0411533468582454,1.23165366794353E-16));
#499=CARTESIAN_POINT('',(0.00675806478150463,0.0433864504670274,-0.0127));
#500=CARTESIAN_POINT('',(0.00675806478150463,0.0433864504670274,1.21430643318376E-16));
#501=CARTESIAN_POINT('',(0.00807752599445391,0.0446734508868246,-0.0127));
#502=CARTESIAN_POINT('',(0.00807752599445391,0.0446734508868246,1.21430643318376E-16));
#503=CARTESIAN_POINT('',(0.00913834735603028,0.0456517953593408,-0.0127));
#504=CARTESIAN_POINT('',(0.00913834735603028,0.0456517953593408,1.23165366794353E-16));
#505=CARTESIAN_POINT('',(0.010092858090021,0.046400122877302,-0.0127));
#506=CARTESIAN_POINT('',(0.010092858090021,0.046400122877302,1.23165366794353E-16));
#507=CARTESIAN_POINT('',(0.0112414746113821,0.0469923434244503,-0.0127));
#508=CARTESIAN_POINT('',(0.0112414746113821,0.0469923434244503,1.17961196366423E-16));
#509=CARTESIAN_POINT('',(0.0124239235077905,0.0471027469517327,-0.0127));
#510=CARTESIAN_POINT('',(0.0124239235077905,0.0471027469517327,1.2490009027033E-16));
#511=CARTESIAN_POINT('',(0.0132524832949656,0.0469539286391315,-0.0127));
#512=CARTESIAN_POINT('',(0.0132524832949656,0.0469539286391315,1.23165366794353E-16));
#513=CARTESIAN_POINT('',(0.0141002216472315,0.0466621822184524,-0.0127));
#514=CARTESIAN_POINT('',(0.0141002216472315,0.0466621822184524,1.196959198424E-16));
#515=CARTESIAN_POINT('',(0.0151222009213511,0.0459770619302225,-0.0127));
#516=CARTESIAN_POINT('',(0.0151222009213511,0.0459770619302225,1.21430643318376E-16));
#517=CARTESIAN_POINT('',(0.0158740513811846,0.0448476323988319,-0.0127));
#518=CARTESIAN_POINT('',(0.0158740513811846,0.0448476323988319,1.16226472890446E-16));
#519=CARTESIAN_POINT('',(0.0161919192038935,0.0437617903393068,-0.0127));
#520=CARTESIAN_POINT('',(0.0161919192038935,0.0437617903393068,1.2490009027033E-16));
#521=CARTESIAN_POINT('',(0.0163176607676605,0.0426861176538155,-0.0127));
#522=CARTESIAN_POINT('',(0.0163176607676605,0.0426861176538155,1.21430643318376E-16));
#523=CARTESIAN_POINT('',(0.0162432255452071,0.0413468096871823,-0.0127));
#524=CARTESIAN_POINT('',(0.0162432255452071,0.0413468096871823,1.23165366794353E-16));
#525=CARTESIAN_POINT('',(0.0158216307720524,0.0390635603284602,-0.0127));
#526=CARTESIAN_POINT('',(0.0158216307720524,0.0390635603284602,1.23165366794353E-16));
#527=CARTESIAN_POINT('',(0.0148582659805881,0.0358770644672389,-0.0127));
#528=CARTESIAN_POINT('',(0.0148582659805881,0.0358770644672389,1.17961196366423E-16));
#529=CARTESIAN_POINT('',(0.0133077927871993,0.0316714966948673,-0.0127));
#530=CARTESIAN_POINT('',(0.0133077927871993,0.0316714966948673,1.21430643318376E-16));
#531=CARTESIAN_POINT('',(0.0116502488955055,0.0273961232176312,-0.0127));
#532=CARTESIAN_POINT('',(0.0116502488955055,0.0273961232176312,1.21430643318376E-16));
#533=CARTESIAN_POINT('',(0.0101836269973081,0.0233705999308897,-0.0127));
#534=CARTESIAN_POINT('',(0.0101836269973081,0.0233705999308897,1.21430643318376E-16));
#535=CARTESIAN_POINT('',(0.0089134812857955,0.0196587213854571,-0.0127));
#536=CARTESIAN_POINT('',(0.0089134812857955,0.0196587213854571,1.17961196366423E-16));
#537=CARTESIAN_POINT('',(0.00784890950052977,0.0163761970282483,-0.0127));
#538=CARTESIAN_POINT('',(0.00784890950052977,0.0163761970282483,1.23165366794353E-16));
#539=CARTESIAN_POINT('',(0.00700887794099119,0.01363916199915,-0.0127));
#540=CARTESIAN_POINT('',(0.00700887794099119,0.01363916199915,1.16226472890446E-16));
#541=CARTESIAN_POINT('',(0.00658205090696685,0.0122197490794241,-0.0127));
#542=CARTESIAN_POINT('',(0.00658205090696685,0.0122197490794241,1.21430643318376E-16));
#543=CARTESIAN_POINT('',(0.00650207824692961,0.0118165197854629,-0.0127));
#544=CARTESIAN_POINT('',(0.00650207824692961,0.0118165197854629,1.21430643318376E-16));
#545=CARTESIAN_POINT('',(-0.00773707615419634,-0.00630896838433339,0.));
#546=CARTESIAN_POINT('',(-0.00804166611003277,-0.00628788205726877,0.));
#547=CARTESIAN_POINT('',(-0.0087947137908436,-0.00627298213956947,0.));
#548=CARTESIAN_POINT('',(-0.0102232389386143,-0.00632230595767517,0.));
#549=CARTESIAN_POINT('',(-0.0115936413881009,-0.00639239981780541,0.));
#550=CARTESIAN_POINT('',(-0.0127699113483064,-0.00644491147142849,0.));
#551=CARTESIAN_POINT('',(-0.0139752310953368,-0.00648913617000807,0.));
#552=CARTESIAN_POINT('',(-0.0155255402891785,-0.00653065500195828,0.));
#553=CARTESIAN_POINT('',(-0.0180600673958183,-0.00656883487277659,0.));
#554=CARTESIAN_POINT('',(-0.0206148091856634,-0.00656718393764931,0.));
#555=CARTESIAN_POINT('',(-0.0230677888626045,-0.00653002787843827,0.));
#556=CARTESIAN_POINT('',(-0.0248263038030278,-0.00648541649834503,0.));
#557=CARTESIAN_POINT('',(-0.0261988698446223,-0.00643515548370113,0.));
#558=CARTESIAN_POINT('',(-0.0272270370967591,-0.0063873771352195,0.));
#559=CARTESIAN_POINT('',(-0.0282026636147657,-0.00633511859305373,0.));
#560=CARTESIAN_POINT('',(-0.0293431773716678,-0.00625594600142893,0.));
#561=CARTESIAN_POINT('',(-0.0305922070471847,-0.00610687381340693,0.));
#562=CARTESIAN_POINT('',(-0.0315592199509637,-0.00590005323461732,0.));
#563=CARTESIAN_POINT('',(-0.0323186524057215,-0.00563107873800042,0.));
#564=CARTESIAN_POINT('',(-0.0327927626683633,-0.00539691260774172,0.));
#565=CARTESIAN_POINT('',(-0.0331684152249157,-0.00515071155628306,0.));
#566=CARTESIAN_POINT('',(-0.0334425236143682,-0.00493321613480969,0.));
#567=CARTESIAN_POINT('',(-0.0337099380652791,-0.00467233637810228,0.));
#568=CARTESIAN_POINT('',(-0.0340464916902916,-0.00425608740887311,0.));
#569=CARTESIAN_POINT('',(-0.0343833614878809,-0.00360845349224507,0.));
#570=CARTESIAN_POINT('',(-0.0345437174495512,-0.00274871710596827,0.));
#571=CARTESIAN_POINT('',(-0.0344895681784409,-0.00194333373406295,0.));
#572=CARTESIAN_POINT('',(-0.0342999824670412,-0.00120618393000398,0.));
#573=CARTESIAN_POINT('',(-0.0340130835303412,-0.000495913410252345,0.));
#574=CARTESIAN_POINT('',(-0.0336371222754317,0.000229122645919259,0.));
#575=CARTESIAN_POINT('',(-0.0331673269230227,0.0010011188957541,0.));
#576=CARTESIAN_POINT('',(-0.0324065004635389,0.00212048746632995,0.));
#577=CARTESIAN_POINT('',(-0.031210798323772,0.00370263372197372,0.));
#578=CARTESIAN_POINT('',(-0.029411481942648,0.00589587040139447,0.));
#579=CARTESIAN_POINT('',(-0.02729094921103,0.00834943264631647,0.));
#580=CARTESIAN_POINT('',(-0.0248961775418624,0.0110228832721884,0.));
#581=CARTESIAN_POINT('',(-0.0214033826912215,0.0148213276326717,0.));
#582=CARTESIAN_POINT('',(-0.016601037127924,0.0198935361339221,0.));
#583=CARTESIAN_POINT('',(-0.0105487849314629,0.0261241773414035,0.));
#584=CARTESIAN_POINT('',(-0.00560752692463403,0.0311204922821338,0.));
#585=CARTESIAN_POINT('',(-0.00192253814430094,0.0348098166661183,0.));
#586=CARTESIAN_POINT('',(0.000655486832967755,0.0373753513357285,0.));
#587=CARTESIAN_POINT('',(0.00299604027666642,0.0396917234362514,0.));
#588=CARTESIAN_POINT('',(0.00504758969349472,0.04171167792186,0.));
#589=CARTESIAN_POINT('',(0.00675793577204768,0.0433864243883377,0.));
#590=CARTESIAN_POINT('',(0.00807799655419005,0.0446735000401637,0.));
#591=CARTESIAN_POINT('',(0.00896016119781736,0.0454886040272557,0.));
#592=CARTESIAN_POINT('',(0.00961799728738891,0.046026190343652,0.));
#593=CARTESIAN_POINT('',(0.0101182059703925,0.046381863713082,0.));
#594=CARTESIAN_POINT('',(0.0106604331585376,0.0466909850970192,0.));
#595=CARTESIAN_POINT('',(0.011275749092221,0.0469341210371682,0.));
#596=CARTESIAN_POINT('',(0.0118424084280366,0.0470447326616951,0.));
#597=CARTESIAN_POINT('',(0.0122950420850621,0.0470655164066745,0.));
#598=CARTESIAN_POINT('',(0.0126237665454054,0.0470500768674985,0.));
#599=CARTESIAN_POINT('',(0.0129375727958458,0.0470088597976123,0.));
#600=CARTESIAN_POINT('',(0.0133607951794167,0.0469180140940518,0.));
#601=CARTESIAN_POINT('',(0.0138881886400461,0.0467345135497994,0.));
#602=CARTESIAN_POINT('',(0.0145065738410295,0.0463897696346809,0.));
#603=CARTESIAN_POINT('',(0.0150816488348072,0.0459102560407774,0.));
#604=CARTESIAN_POINT('',(0.015575881770705,0.045298406691752,0.));
#605=CARTESIAN_POINT('',(0.0158899818777791,0.0446950238189442,0.));
#606=CARTESIAN_POINT('',(0.0160725081401527,0.0441722168307986,0.));
#607=CARTESIAN_POINT('',(0.0162077231235532,0.0436254998716852,0.));
#608=CARTESIAN_POINT('',(0.0162865025101433,0.0429553396667591,0.));
#609=CARTESIAN_POINT('',(0.0162867301026391,0.0421514375275155,0.));
#610=CARTESIAN_POINT('',(0.0162151297823881,0.0413334093752855,0.));
#611=CARTESIAN_POINT('',(0.0160852302261294,0.0404905156353546,0.));
#612=CARTESIAN_POINT('',(0.0158452395113744,0.0393266167405942,0.));
#613=CARTESIAN_POINT('',(0.0154357639220782,0.0377910270171689,0.));
#614=CARTESIAN_POINT('',(0.0148090510354697,0.0358287755864821,0.));
#615=CARTESIAN_POINT('',(0.0140831923759401,0.0337744847014313,0.));
#616=CARTESIAN_POINT('',(0.013294358675749,0.0316629435307298,0.));
#617=CARTESIAN_POINT('',(0.0124790589459548,0.0295329156399892,0.));
#618=CARTESIAN_POINT('',(0.0116740222954844,0.0274269414156791,0.));
#619=CARTESIAN_POINT('',(0.0109172672386366,0.0253859081935757,0.));
#620=CARTESIAN_POINT('',(0.00997178301165638,0.0227505311800198,0.));
#621=CARTESIAN_POINT('',(0.00891321212824263,0.0196587892285598,0.));
#622=CARTESIAN_POINT('',(0.00802729863779909,0.0169245032184398,0.));
#623=CARTESIAN_POINT('',(0.00750222864039513,0.0152453509984644,0.));
#624=CARTESIAN_POINT('',(0.00722996405640323,0.0143595578029223,0.));
#625=CARTESIAN_POINT('',(0.00703981348133081,0.0137338182065626,0.));
#626=CARTESIAN_POINT('',(0.00689316947415734,0.0132456838804574,0.));
#627=CARTESIAN_POINT('',(0.00678306251048623,0.0128765444945485,0.));
#628=CARTESIAN_POINT('',(0.00663219870723685,0.0123637300165814,0.));
#629=CARTESIAN_POINT('',(0.00654206457694823,0.0120181344324435,0.));
#630=CARTESIAN_POINT('',(0.00650207824692961,0.0118165197854629,0.));
#631=CARTESIAN_POINT('',(-0.00773707615419634,-0.00630896838433339,-0.0127));
#632=CARTESIAN_POINT('',(-0.00804166611003277,-0.00628788205726877,-0.0127));
#633=CARTESIAN_POINT('',(-0.0087947137908436,-0.00627298213956947,-0.0127));
#634=CARTESIAN_POINT('',(-0.0102232389386143,-0.00632230595767517,-0.0127));
#635=CARTESIAN_POINT('',(-0.0115936413881009,-0.00639239981780541,-0.0127));
#636=CARTESIAN_POINT('',(-0.0127699113483064,-0.00644491147142849,-0.0127));
#637=CARTESIAN_POINT('',(-0.0139752310953368,-0.00648913617000807,-0.0127));
#638=CARTESIAN_POINT('',(-0.0155255402891785,-0.00653065500195828,-0.0127));
#639=CARTESIAN_POINT('',(-0.0180600673958183,-0.00656883487277659,-0.0127));
#640=CARTESIAN_POINT('',(-0.0206148091856634,-0.00656718393764931,-0.0127));
#641=CARTESIAN_POINT('',(-0.0230677888626045,-0.00653002787843827,-0.0127));
#642=CARTESIAN_POINT('',(-0.0248263038030278,-0.00648541649834503,-0.0127));
#643=CARTESIAN_POINT('',(-0.0261988698446223,-0.00643515548370113,-0.0127));
#644=CARTESIAN_POINT('',(-0.0272270370967591,-0.0063873771352195,-0.0127));
#645=CARTESIAN_POINT('',(-0.0282026636147657,-0.00633511859305373,-0.0127));
#646=CARTESIAN_POINT('',(-0.0293431773716678,-0.00625594600142893,-0.0127));
#647=CARTESIAN_POINT('',(-0.0305922070471847,-0.00610687381340693,-0.0127));
#648=CARTESIAN_POINT('',(-0.0315592199509637,-0.00590005323461732,-0.0127));
#649=CARTESIAN_POINT('',(-0.0323186524057215,-0.00563107873800042,-0.0127));
#650=CARTESIAN_POINT('',(-0.0327927626683633,-0.00539691260774172,-0.0127));
#651=CARTESIAN_POINT('',(-0.0331684152249157,-0.00515071155628306,-0.0127));
#652=CARTESIAN_POINT('',(-0.0334425236143682,-0.00493321613480969,-0.0127));
#653=CARTESIAN_POINT('',(-0.0337099380652791,-0.00467233637810228,-0.0127));
#654=CARTESIAN_POINT('',(-0.0340464916902916,-0.00425608740887311,-0.0127));
#655=CARTESIAN_POINT('',(-0.0343833614878809,-0.00360845349224507,-0.0127));
#656=CARTESIAN_POINT('',(-0.0345437174495512,-0.00274871710596827,-0.0127));
#657=CARTESIAN_POINT('',(-0.0344895681784409,-0.00194333373406295,-0.0127));
#658=CARTESIAN_POINT('',(-0.0342999824670412,-0.00120618393000398,-0.0127));
#659=CARTESIAN_POINT('',(-0.0340130835303412,-0.000495913410252345,-0.0127));
#660=CARTESIAN_POINT('',(-0.0336371222754317,0.000229122645919259,-0.0127));
#661=CARTESIAN_POINT('',(-0.0331673269230227,0.0010011188957541,-0.0127));
#662=CARTESIAN_POINT('',(-0.0324065004635389,0.00212048746632995,-0.0127));
#663=CARTESIAN_POINT('',(-0.031210798323772,0.00370263372197372,-0.0127));
#664=CARTESIAN_POINT('',(-0.029411481942648,0.00589587040139447,-0.0127));
#665=CARTESIAN_POINT('',(-0.02729094921103,0.00834943264631647,-0.0127));
#666=CARTESIAN_POINT('',(-0.0248961775418624,0.0110228832721884,-0.0127));
#667=CARTESIAN_POINT('',(-0.0214033826912215,0.0148213276326717,-0.0127));
#668=CARTESIAN_POINT('',(-0.016601037127924,0.0198935361339221,-0.0127));
#669=CARTESIAN_POINT('',(-0.0105487849314629,0.0261241773414035,-0.0127));
#670=CARTESIAN_POINT('',(-0.00560752692463403,0.0311204922821338,-0.0127));
#671=CARTESIAN_POINT('',(-0.00192253814430094,0.0348098166661183,-0.0127));
#672=CARTESIAN_POINT('',(0.000655486832967755,0.0373753513357285,-0.0127));
#673=CARTESIAN_POINT('',(0.00299604027666642,0.0396917234362514,-0.0127));
#674=CARTESIAN_POINT('',(0.00504758969349472,0.04171167792186,-0.0127));
#675=CARTESIAN_POINT('',(0.00675793577204768,0.0433864243883377,-0.0127));
#676=CARTESIAN_POINT('',(0.00807799655419005,0.0446735000401637,-0.0127));
#677=CARTESIAN_POINT('',(0.00896016119781736,0.0454886040272557,-0.0127));
#678=CARTESIAN_POINT('',(0.00961799728738891,0.046026190343652,-0.0127));
#679=CARTESIAN_POINT('',(0.0101182059703925,0.046381863713082,-0.0127));
#680=CARTESIAN_POINT('',(0.0106604331585376,0.0466909850970192,-0.0127));
#681=CARTESIAN_POINT('',(0.011275749092221,0.0469341210371682,-0.0127));
#682=CARTESIAN_POINT('',(0.0118424084280366,0.0470447326616951,-0.0127));
#683=CARTESIAN_POINT('',(0.0122950420850621,0.0470655164066745,-0.0127));
#684=CARTESIAN_POINT('',(0.0126237665454054,0.0470500768674985,-0.0127));
#685=CARTESIAN_POINT('',(0.0129375727958458,0.0470088597976123,-0.0127));
#686=CARTESIAN_POINT('',(0.0133607951794167,0.0469180140940518,-0.0127));
#687=CARTESIAN_POINT('',(0.0138881886400461,0.0467345135497994,-0.0127));
#688=CARTESIAN_POINT('',(0.0145065738410295,0.0463897696346809,-0.0127));
#689=CARTESIAN_POINT('',(0.0150816488348072,0.0459102560407774,-0.0127));
#690=CARTESIAN_POINT('',(0.015575881770705,0.045298406691752,-0.0127));
#691=CARTESIAN_POINT('',(0.0158899818777791,0.0446950238189442,-0.0127));
#692=CARTESIAN_POINT('',(0.0160725081401527,0.0441722168307986,-0.0127));
#693=CARTESIAN_POINT('',(0.0162077231235532,0.0436254998716852,-0.0127));
#694=CARTESIAN_POINT('',(0.0162865025101433,0.0429553396667591,-0.0127));
#695=CARTESIAN_POINT('',(0.0162867301026391,0.0421514375275155,-0.0127));
#696=CARTESIAN_POINT('',(0.0162151297823881,0.0413334093752855,-0.0127));
#697=CARTESIAN_POINT('',(0.0160852302261294,0.0404905156353546,-0.0127));
#698=CARTESIAN_POINT('',(0.0158452395113744,0.0393266167405942,-0.0127));
#699=CARTESIAN_POINT('',(0.0154357639220782,0.0377910270171689,-0.0127));
#700=CARTESIAN_POINT('',(0.0148090510354697,0.0358287755864821,-0.0127));
#701=CARTESIAN_POINT('',(0.0140831923759401,0.0337744847014313,-0.0127));
#702=CARTESIAN_POINT('',(0.013294358675749,0.0316629435307298,-0.0127));
#703=CARTESIAN_POINT('',(0.0124790589459548,0.0295329156399892,-0.0127));
#704=CARTESIAN_POINT('',(0.0116740222954844,0.0274269414156791,-0.0127));
#705=CARTESIAN_POINT('',(0.0109172672386366,0.0253859081935757,-0.0127));
#706=CARTESIAN_POINT('',(0.00997178301165638,0.0227505311800198,-0.0127));
#707=CARTESIAN_POINT('',(0.00891321212824263,0.0196587892285598,-0.0127));
#708=CARTESIAN_POINT('',(0.00802729863779909,0.0169245032184398,-0.0127));
#709=CARTESIAN_POINT('',(0.00750222864039513,0.0152453509984644,-0.0127));
#710=CARTESIAN_POINT('',(0.00722996405640323,0.0143595578029223,-0.0127));
#711=CARTESIAN_POINT('',(0.00703981348133081,0.0137338182065626,-0.0127));
#712=CARTESIAN_POINT('',(0.00689316947415734,0.0132456838804574,-0.0127));
#713=CARTESIAN_POINT('',(0.00678306251048623,0.0128765444945485,-0.0127));
#714=CARTESIAN_POINT('',(0.00663219870723685,0.0123637300165814,-0.0127));
#715=CARTESIAN_POINT('',(0.00654206457694823,0.0120181344324435,-0.0127));
#716=CARTESIAN_POINT('',(0.00650207824692961,0.0118165197854629,-0.0127));
#717=CARTESIAN_POINT('',(-0.0327700384046217,-0.0039291395137612,-0.0127));
#718=CARTESIAN_POINT('',(-0.0327700384046217,-0.0039291395137612,0.002));
#719=CARTESIAN_POINT('',(-0.0326266680289695,0.00166026812334298,-0.0127));
#720=CARTESIAN_POINT('',(-0.0326266680289695,0.00166026812334298,0.002));
#721=CARTESIAN_POINT('',(0.00800889244040082,0.0419256729603702,-0.0127));
#722=CARTESIAN_POINT('',(0.00800889244040082,0.0419256729603702,0.002));
#723=CARTESIAN_POINT('',(0.0120079086034477,0.0456592188852881,-0.0127));
#724=CARTESIAN_POINT('',(0.0120079086034477,0.0456592188852881,0.002));
#725=CARTESIAN_POINT('',(0.0159583832272493,0.0433069877109745,-0.0127));
#726=CARTESIAN_POINT('',(0.0159583832272493,0.0433069877109745,0.002));
#727=CARTESIAN_POINT('',(0.00918871316576367,0.0273459738036601,-0.0127));
#728=CARTESIAN_POINT('',(0.00918871316576367,0.0273459738036601,0.002));
#729=CARTESIAN_POINT('',(0.00512225362134164,0.0144364764276299,-0.0127));
#730=CARTESIAN_POINT('',(0.00512225362134164,0.0144364764276299,0.002));
#731=CARTESIAN_POINT('',(0.00368568820598199,0.00932340071752759,-0.0127));
#732=CARTESIAN_POINT('',(0.00368568820598199,0.00932340071752759,0.002));
#733=CARTESIAN_POINT('',(0.0145970029232083,0.00949845920280467,-0.0127));
#734=CARTESIAN_POINT('',(0.0145970029232083,0.00949845920280467,0.002));
#735=CARTESIAN_POINT('',(0.0333421437583993,0.0103154438208947,-0.0127));
#736=CARTESIAN_POINT('',(0.0333421437583993,0.0103154438208947,0.002));
#737=CARTESIAN_POINT('',(0.0293955558316415,0.00446473688965033,-0.0127));
#738=CARTESIAN_POINT('',(0.0293955558316415,0.00446473688965033,0.002));
#739=CARTESIAN_POINT('',(0.0261067713533997,0.000241789685033294,-0.0127));
#740=CARTESIAN_POINT('',(0.0261067713533997,0.000241789685033294,0.002));
#741=CARTESIAN_POINT('',(-0.00948562380501043,-0.0363428361781451,-0.0127));
#742=CARTESIAN_POINT('',(-0.00948562380501043,-0.0363428361781451,0.002));
#743=CARTESIAN_POINT('',(-0.0132529672390683,-0.0407324178510173,-0.0127));
#744=CARTESIAN_POINT('',(-0.0132529672390683,-0.0407324178510173,0.002));
#745=CARTESIAN_POINT('',(-0.0163213528877983,-0.0380613788089298,-0.0127));
#746=CARTESIAN_POINT('',(-0.0163213528877983,-0.0380613788089298,0.002));
#747=CARTESIAN_POINT('',(-0.0128423621993358,-0.0279814267099685,-0.0127));
#748=CARTESIAN_POINT('',(-0.0128423621993358,-0.0279814267099685,0.002));
#749=CARTESIAN_POINT('',(-0.00755783612125179,-0.0102566769753891,-0.0127));
#750=CARTESIAN_POINT('',(-0.00755783612125179,-0.0102566769753891,0.002));
#751=CARTESIAN_POINT('',(-0.00417932146512512,-0.00381113300292555,-0.0127));
#752=CARTESIAN_POINT('',(-0.00417932146512512,-0.00381113300292555,0.002));
#753=CARTESIAN_POINT('',(-0.0133799394946426,-0.00468105214955756,-0.0127));
#754=CARTESIAN_POINT('',(-0.0133799394946426,-0.00468105214955756,0.002));
#755=CARTESIAN_POINT('',(-0.0268375697970372,-0.00455526075582815,-0.0127));
#756=CARTESIAN_POINT('',(-0.0268375697970372,-0.00455526075582815,0.002));
#757=CARTESIAN_POINT('',(-0.0327700384046217,-0.0039291395137612,-0.0127));
#758=CARTESIAN_POINT('',(-0.0327700384046217,-0.0039291395137612,0.002));
#759=CARTESIAN_POINT('',(-0.0326266680289695,0.00166026812334298,-0.0127));
#760=CARTESIAN_POINT('',(-0.0326266680289695,0.00166026812334298,0.002));
#761=CARTESIAN_POINT('',(0.00800889244040082,0.0419256729603702,-0.0127));
#762=CARTESIAN_POINT('',(0.00800889244040082,0.0419256729603702,0.002));
#763=CARTESIAN_POINT('',(-0.0327700384046217,-0.0039291395137612,-0.0127));
#764=CARTESIAN_POINT('',(-0.0326266680289695,0.00166026812334298,-0.0127));
#765=CARTESIAN_POINT('',(0.00800889244040082,0.0419256729603702,-0.0127));
#766=CARTESIAN_POINT('',(0.0120079086034477,0.0456592188852881,-0.0127));
#767=CARTESIAN_POINT('',(0.0159583832272493,0.0433069877109745,-0.0127));
#768=CARTESIAN_POINT('',(0.00918871316576367,0.0273459738036601,-0.0127));
#769=CARTESIAN_POINT('',(0.00512225362134164,0.0144364764276299,-0.0127));
#770=CARTESIAN_POINT('',(0.00368568820598199,0.00932340071752759,-0.0127));
#771=CARTESIAN_POINT('',(0.0145970029232083,0.00949845920280467,-0.0127));
#772=CARTESIAN_POINT('',(0.0333421437583993,0.0103154438208947,-0.0127));
#773=CARTESIAN_POINT('',(0.0293955558316415,0.00446473688965033,-0.0127));
#774=CARTESIAN_POINT('',(0.0261067713533997,0.000241789685033294,-0.0127));
#775=CARTESIAN_POINT('',(-0.00948562380501043,-0.0363428361781451,-0.0127));
#776=CARTESIAN_POINT('',(-0.0132529672390683,-0.0407324178510173,-0.0127));
#777=CARTESIAN_POINT('',(-0.0163213528877983,-0.0380613788089298,-0.0127));
#778=CARTESIAN_POINT('',(-0.0128423621993358,-0.0279814267099685,-0.0127));
#779=CARTESIAN_POINT('',(-0.00755783612125179,-0.0102566769753891,-0.0127));
#780=CARTESIAN_POINT('',(-0.00417932146512512,-0.00381113300292555,-0.0127));
#781=CARTESIAN_POINT('',(-0.0133799394946426,-0.00468105214955756,-0.0127));
#782=CARTESIAN_POINT('',(-0.0268375697970372,-0.00455526075582815,-0.0127));
#783=CARTESIAN_POINT('',(-0.0327700384046217,-0.0039291395137612,-0.0127));
#784=CARTESIAN_POINT('',(-0.0326266680289695,0.00166026812334298,-0.0127));
#785=CARTESIAN_POINT('',(0.00800889244040082,0.0419256729603702,-0.0127));
#786=CARTESIAN_POINT('',(-0.0314232744276524,-1.73472347597681E-18,-0.0127));
#787=CARTESIAN_POINT('',(-0.0327700384046217,-0.0039291395137612,0.002));
#788=CARTESIAN_POINT('',(-0.0326266680289695,0.00166026812334298,0.002));
#789=CARTESIAN_POINT('',(0.00800889244040082,0.0419256729603702,0.002));
#790=CARTESIAN_POINT('',(0.0120079086034477,0.0456592188852881,0.002));
#791=CARTESIAN_POINT('',(0.0159583832272493,0.0433069877109745,0.002));
#792=CARTESIAN_POINT('',(0.00918871316576367,0.0273459738036601,0.002));
#793=CARTESIAN_POINT('',(0.00512225362134164,0.0144364764276299,0.002));
#794=CARTESIAN_POINT('',(0.00368568820598199,0.00932340071752759,0.002));
#795=CARTESIAN_POINT('',(0.0145970029232083,0.00949845920280467,0.002));
#796=CARTESIAN_POINT('',(0.0333421437583993,0.0103154438208947,0.002));
#797=CARTESIAN_POINT('',(0.0293955558316415,0.00446473688965033,0.002));
#798=CARTESIAN_POINT('',(0.0261067713533997,0.000241789685033294,0.002));
#799=CARTESIAN_POINT('',(-0.00948562380501043,-0.0363428361781451,0.002));
#800=CARTESIAN_POINT('',(-0.0132529672390683,-0.0407324178510173,0.002));
#801=CARTESIAN_POINT('',(-0.0163213528877983,-0.0380613788089298,0.002));
#802=CARTESIAN_POINT('',(-0.0128423621993358,-0.0279814267099685,0.002));
#803=CARTESIAN_POINT('',(-0.00755783612125179,-0.0102566769753891,0.002));
#804=CARTESIAN_POINT('',(-0.00417932146512512,-0.00381113300292555,0.002));
#805=CARTESIAN_POINT('',(-0.0133799394946426,-0.00468105214955756,0.002));
#806=CARTESIAN_POINT('',(-0.0268375697970372,-0.00455526075582815,0.002));
#807=CARTESIAN_POINT('',(-0.0327700384046217,-0.0039291395137612,0.002));
#808=CARTESIAN_POINT('',(-0.0326266680289695,0.00166026812334298,0.002));
#809=CARTESIAN_POINT('',(0.00800889244040082,0.0419256729603702,0.002));
#810=CARTESIAN_POINT('',(-0.0314232744276524,-1.73472347597681E-18,0.002));
#811=CARTESIAN_POINT('',(0.00512957588032711,-0.0242181407903663,-0.0127));
#812=CARTESIAN_POINT('',(0.00716644831791596,-0.0264280011750569,0.));
#813=CARTESIAN_POINT('',(0.0104110180044642,0.0144933780670905,0.));
#814=CARTESIAN_POINT('',(0.0109231832205621,0.0144919334345252,0.));
#815=CARTESIAN_POINT('',(0.0120375947130544,0.0145042103578264,0.));
#816=CARTESIAN_POINT('',(0.0139295925642763,0.0145557334313705,0.));
#817=CARTESIAN_POINT('',(0.0160090230884783,0.0146248212430794,0.));
#818=CARTESIAN_POINT('',(0.0182124791661653,0.0146944539296916,0.));
#819=CARTESIAN_POINT('',(0.0204715685087761,0.0147471048500751,0.));
#820=CARTESIAN_POINT('',(0.0227268697483969,0.0147646859822958,0.));
#821=CARTESIAN_POINT('',(0.0249262126592377,0.014727553868036,0.));
#822=CARTESIAN_POINT('',(0.0266797157262804,0.0146319463688994,0.));
#823=CARTESIAN_POINT('',(0.0280309779317185,0.0144986655035953,0.));
#824=CARTESIAN_POINT('',(0.0290237588453993,0.0143624431027405,0.));
#825=CARTESIAN_POINT('',(0.0300066561139662,0.0141776591599079,0.));
#826=CARTESIAN_POINT('',(0.0310012852683544,0.0139218961584924,0.));
#827=CARTESIAN_POINT('',(0.0320436528176095,0.0135501734910761,0.));
#828=CARTESIAN_POINT('',(0.0329985776929859,0.013065288050835,0.));
#829=CARTESIAN_POINT('',(0.0338265908128171,0.0124697364323832,0.));
#830=CARTESIAN_POINT('',(0.0343597980074188,0.0119770118759733,0.));
#831=CARTESIAN_POINT('',(0.0347760638001264,0.0114940480687418,0.));
#832=CARTESIAN_POINT('',(0.0350771049593039,0.0110810022963243,0.));
#833=CARTESIAN_POINT('',(0.035344208310515,0.0106388672823824,0.));
#834=CARTESIAN_POINT('',(0.0356474347472926,0.0100232437030412,0.));
#835=CARTESIAN_POINT('',(0.0359178731976731,0.00922731977921114,0.));
#836=CARTESIAN_POINT('',(0.0360718722842696,0.00830381087161298,0.));
#837=CARTESIAN_POINT('',(0.0360901632699332,0.00746128207154736,0.));
#838=CARTESIAN_POINT('',(0.0359888558007967,0.00647011286787924,0.));
#839=CARTESIAN_POINT('',(0.0357204514364466,0.00547411724150447,0.));
#840=CARTESIAN_POINT('',(0.0353348537181465,0.00455907244084454,0.));
#841=CARTESIAN_POINT('',(0.0349424940873391,0.00382653376566487,0.));
#842=CARTESIAN_POINT('',(0.03463059651328,0.00332229155130018,0.));
#843=CARTESIAN_POINT('',(0.0343980984291015,0.00296924552984813,0.));
#844=CARTESIAN_POINT('',(0.034234497192766,0.00272874221394565,0.));
#845=CARTESIAN_POINT('',(0.0340831859823164,0.00251110994889622,0.));
#846=CARTESIAN_POINT('',(0.0339496234316241,0.00232096595126056,0.));
#847=CARTESIAN_POINT('',(0.0338151331226991,0.00213054438391166,0.));
#848=CARTESIAN_POINT('',(0.0336346519564239,0.0018772622241067,0.));
#849=CARTESIAN_POINT('',(0.0334042068950662,0.00155879275690073,0.));
#850=CARTESIAN_POINT('',(0.0331147845445148,0.00116948364545026,0.));
#851=CARTESIAN_POINT('',(0.032706284725463,0.000636805796930046,0.));
#852=CARTESIAN_POINT('',(0.032145256867509,-6.03742746366421E-5,0.));
#853=CARTESIAN_POINT('',(0.0313584085815187,-0.00098264026451244,0.));
#854=CARTESIAN_POINT('',(0.0304075530264049,-0.00205042918353257,0.));
#855=CARTESIAN_POINT('',(0.0288403577299383,-0.00376112815444236,0.));
#856=CARTESIAN_POINT('',(0.0261597209955107,-0.00661780065558985,0.));
#857=CARTESIAN_POINT('',(0.0220379981360071,-0.0109492945780988,0.));
#858=CARTESIAN_POINT('',(0.0172978086046672,-0.0158966270926924,0.));
#859=CARTESIAN_POINT('',(0.0122288489608257,-0.0211688616384532,0.));
#860=CARTESIAN_POINT('',(0.00712360113748341,-0.0264720027243255,0.));
#861=CARTESIAN_POINT('',(0.00308346385352763,-0.0306712792162093,0.));
#862=CARTESIAN_POINT('',(0.000127343445445223,-0.0337504299698269,0.));
#863=CARTESIAN_POINT('',(-0.00191461581327988,-0.0358822970813773,0.));
#864=CARTESIAN_POINT('',(-0.0034390698689909,-0.0374795048758439,0.));
#865=CARTESIAN_POINT('',(-0.00453323482147609,-0.0386303995118379,0.));
#866=CARTESIAN_POINT('',(-0.00528604890175801,-0.0394250009204572,0.));
#867=CARTESIAN_POINT('',(-0.00596656678922488,-0.0401463403249769,0.));
#868=CARTESIAN_POINT('',(-0.0067670661035917,-0.0410004885983764,0.));
#869=CARTESIAN_POINT('',(-0.00746018459633813,-0.0417422938453781,0.));
#870=CARTESIAN_POINT('',(-0.00812230015763838,-0.0424188314329105,0.));
#871=CARTESIAN_POINT('',(-0.0086359008087749,-0.0429129948672426,0.));
#872=CARTESIAN_POINT('',(-0.00921170565652727,-0.0434139964461304,0.));
#873=CARTESIAN_POINT('',(-0.00991873611343199,-0.0439365039862182,0.));
#874=CARTESIAN_POINT('',(-0.0108509536110073,-0.0444650453596529,0.));
#875=CARTESIAN_POINT('',(-0.0118830068582396,-0.0448262020981212,0.));
#876=CARTESIAN_POINT('',(-0.0128197684943423,-0.0449781992690206,0.));
#877=CARTESIAN_POINT('',(-0.01354244627445,-0.0450087277625763,0.));
#878=CARTESIAN_POINT('',(-0.0142480957562964,-0.0449545048802159,0.));
#879=CARTESIAN_POINT('',(-0.0149024791621228,-0.0448299729764871,0.));
#880=CARTESIAN_POINT('',(-0.0155099508377309,-0.0446486682654896,0.));
#881=CARTESIAN_POINT('',(-0.0162594471252628,-0.0443442233252829,0.));
#882=CARTESIAN_POINT('',(-0.0170917919604129,-0.0438655360204869,0.));
#883=CARTESIAN_POINT('',(-0.0179489028374447,-0.0431686853948968,0.));
#884=CARTESIAN_POINT('',(-0.0186794533182044,-0.0423642110299964,0.));
#885=CARTESIAN_POINT('',(-0.0192868144408664,-0.0414602432587667,0.));
#886=CARTESIAN_POINT('',(-0.0196850144564986,-0.040632233194031,0.));
#887=CARTESIAN_POINT('',(-0.0199343384852412,-0.0399296895665423,0.));
#888=CARTESIAN_POINT('',(-0.0201324188015195,-0.0392106468097183,0.));
#889=CARTESIAN_POINT('',(-0.0202755186126047,-0.0383607022623998,0.));
#890=CARTESIAN_POINT('',(-0.0203338691590047,-0.0374061572492216,0.));
#891=CARTESIAN_POINT('',(-0.0203117671454104,-0.0365099414572129,0.));
#892=CARTESIAN_POINT('',(-0.0202324041047088,-0.0356551855484597,0.));
#893=CARTESIAN_POINT('',(-0.0200691472853238,-0.0345520366788108,0.));
#894=CARTESIAN_POINT('',(-0.0197817021313338,-0.0332104131303795,0.));
#895=CARTESIAN_POINT('',(-0.0193465593194024,-0.0315966134659758,0.));
#896=CARTESIAN_POINT('',(-0.018846639466424,-0.0299470466755665,0.));
#897=CARTESIAN_POINT('',(-0.018394160872185,-0.028530164377664,0.));
#898=CARTESIAN_POINT('',(-0.0180206560856447,-0.027368773561505,0.));
#899=CARTESIAN_POINT('',(-0.0176434515936454,-0.0261895168410726,0.));
#900=CARTESIAN_POINT('',(-0.0171556292361181,-0.0246466174505764,0.));
#901=CARTESIAN_POINT('',(-0.0165511742055457,-0.0227209144233967,0.));
#902=CARTESIAN_POINT('',(-0.0157262816363198,-0.0200895080262469,0.));
#903=CARTESIAN_POINT('',(-0.0146724764958707,-0.0167508808335476,0.));
#904=CARTESIAN_POINT('',(-0.0134085288012301,-0.0128780356225822,0.));
#905=CARTESIAN_POINT('',(-0.0125873796669919,-0.0105183995135077,0.));
#906=CARTESIAN_POINT('',(-0.0121844042675983,-0.00942159690966929,0.));
#907=CARTESIAN_POINT('',(0.0104110180044642,0.0144933780670905,0.));
#908=CARTESIAN_POINT('',(-0.0121844042675982,-0.00942159690966923,0.));
#909=CARTESIAN_POINT('',(-0.0121844042675983,-0.00942159690966925,0.));
#910=CARTESIAN_POINT('',(-0.0124537731466852,-0.00943351863691885,0.));
#911=CARTESIAN_POINT('',(-0.0130032458666074,-0.00945603249472527,0.));
#912=CARTESIAN_POINT('',(-0.0141171736368696,-0.00949441577511521,0.));
#913=CARTESIAN_POINT('',(-0.0155411545378783,-0.00953094250800736,0.));
#914=CARTESIAN_POINT('',(-0.0172775210311419,-0.00955735022920395,0.));
#915=CARTESIAN_POINT('',(-0.0190215904859255,-0.00956732835146625,0.));
#916=CARTESIAN_POINT('',(-0.0207521626287243,-0.00956171848062437,0.));
#917=CARTESIAN_POINT('',(-0.0224481555780502,-0.0095413309639236,0.));
#918=CARTESIAN_POINT('',(-0.0240887797784011,-0.00950684204827841,0.));
#919=CARTESIAN_POINT('',(-0.0256529181010718,-0.00945908851985118,0.));
#920=CARTESIAN_POINT('',(-0.0271233764519698,-0.009397854474833,0.));
#921=CARTESIAN_POINT('',(-0.0284736651737726,-0.00932604409027767,0.));
#922=CARTESIAN_POINT('',(-0.0297862635582631,-0.00922653198642847,0.));
#923=CARTESIAN_POINT('',(-0.0308739262814728,-0.009092397812787,0.));
#924=CARTESIAN_POINT('',(-0.031779453160627,-0.00892066993709577,0.));
#925=CARTESIAN_POINT('',(-0.0324909036762497,-0.00874307531531723,0.));
#926=CARTESIAN_POINT('',(-0.0332514000867624,-0.0084914100195328,0.));
#927=CARTESIAN_POINT('',(-0.0340748725148172,-0.0081261380798542,0.));
#928=CARTESIAN_POINT('',(-0.0348164851686023,-0.00767519181425697,0.));
#929=CARTESIAN_POINT('',(-0.0354162563179485,-0.00719641563969258,0.));
#930=CARTESIAN_POINT('',(-0.0360216982586521,-0.00661590824786347,0.));
#931=CARTESIAN_POINT('',(-0.0366106701783641,-0.00584462129372928,0.));
#932=CARTESIAN_POINT('',(-0.0370643462215264,-0.00492168293323012,0.));
#933=CARTESIAN_POINT('',(-0.0373144027812427,-0.00418682452659881,0.));
#934=CARTESIAN_POINT('',(-0.0374657291752528,-0.00344472892361774,0.));
#935=CARTESIAN_POINT('',(-0.0375441263272396,-0.00248730103326704,0.));
#936=CARTESIAN_POINT('',(-0.0374509003223227,-0.00140701307235525,0.));
#937=CARTESIAN_POINT('',(-0.0371726716523235,-0.000324822542913234,0.));
#938=CARTESIAN_POINT('',(-0.0368077888826153,0.000609489049585848,0.));
#939=CARTESIAN_POINT('',(-0.0363828745482029,0.00146392618384943,0.));
#940=CARTESIAN_POINT('',(-0.0357398704935486,0.00256671258205058,0.));
#941=CARTESIAN_POINT('',(-0.0347781080934032,0.00396973136924219,0.));
#942=CARTESIAN_POINT('',(-0.0333597119701402,0.00581601422794338,0.));
#943=CARTESIAN_POINT('',(-0.0316741549648141,0.00786273900729731,0.));
#944=CARTESIAN_POINT('',(-0.0297442302035278,0.0100999380605373,0.));
#945=CARTESIAN_POINT('',(-0.0275984140221192,0.0125062791359303,0.));
#946=CARTESIAN_POINT('',(-0.0252694465449852,0.0150538169209818,0.));
#947=CARTESIAN_POINT('',(-0.0219660347674645,0.0185979041912478,0.));
#948=CARTESIAN_POINT('',(-0.0175541925574808,0.023224157542168,0.));
#949=CARTESIAN_POINT('',(-0.0120997331330654,0.0288231661985958,0.));
#950=CARTESIAN_POINT('',(-0.00678148194357032,0.0341975778161504,0.));
#951=CARTESIAN_POINT('',(-0.00271156947881971,0.0382606628431598,0.));
#952=CARTESIAN_POINT('',(0.000177764810553609,0.0411242860465022,0.));
#953=CARTESIAN_POINT('',(0.00179972204764353,0.0427242208862699,0.));
#954=CARTESIAN_POINT('',(0.0029683885448683,0.0438731649389566,0.));
#955=CARTESIAN_POINT('',(0.00377571543713336,0.0446650584230128,0.));
#956=CARTESIAN_POINT('',(0.00450966420652719,0.045383132834602,0.));
#957=CARTESIAN_POINT('',(0.00538239949601671,0.0462354419866094,0.));
#958=CARTESIAN_POINT('',(0.00632939151598898,0.0471488993223427,0.));
#959=CARTESIAN_POINT('',(0.00719522519992785,0.0479304737044362,0.));
#960=CARTESIAN_POINT('',(0.00795944854721374,0.0485339392250149,0.));
#961=CARTESIAN_POINT('',(0.00861544311106318,0.0489842192121619,0.));
#962=CARTESIAN_POINT('',(0.0094067214450773,0.0494231351590595,0.));
#963=CARTESIAN_POINT('',(0.0103723806442743,0.0498047051507888,0.));
#964=CARTESIAN_POINT('',(0.011485696094334,0.0500445640814837,0.));
#965=CARTESIAN_POINT('',(0.0123344912918959,0.0500727108970443,0.));
#966=CARTESIAN_POINT('',(0.012861897628603,0.0500378047035754,0.));
#967=CARTESIAN_POINT('',(0.0131991914965323,0.0500026847626535,0.));
#968=CARTESIAN_POINT('',(0.013785517379608,0.0499087721662694,0.));
#969=CARTESIAN_POINT('',(0.0146218498901596,0.0496787367299376,0.));
#970=CARTESIAN_POINT('',(0.0156167879096753,0.0492337770938506,0.));
#971=CARTESIAN_POINT('',(0.0165781903892223,0.04860129441214,0.));
#972=CARTESIAN_POINT('',(0.0174603436390731,0.0477744766838845,0.));
#973=CARTESIAN_POINT('',(0.0180819888375936,0.0469386111984817,0.));
#974=CARTESIAN_POINT('',(0.018487575898531,0.0462053758965153,0.));
#975=CARTESIAN_POINT('',(0.0187426439750511,0.0456304734368414,0.));
#976=CARTESIAN_POINT('',(0.0189467138404086,0.0450396136946287,0.));
#977=CARTESIAN_POINT('',(0.0191003661719408,0.0444341386252169,0.));
#978=CARTESIAN_POINT('',(0.019199440041335,0.043862246825122,0.));
#979=CARTESIAN_POINT('',(0.0192771224742828,0.0431371737087543,0.));
#980=CARTESIAN_POINT('',(0.0192945285817966,0.0422919414050381,0.));
#981=CARTESIAN_POINT('',(0.0192342394843446,0.0413392829400764,0.));
#982=CARTESIAN_POINT('',(0.0190760883944789,0.0401146396351807,0.));
#983=CARTESIAN_POINT('',(0.0187667693250614,0.0386190078786377,0.));
#984=CARTESIAN_POINT('',(0.0182691689622122,0.036801912191848,0.));
#985=CARTESIAN_POINT('',(0.0176740559809208,0.0349415121752542,0.));
#986=CARTESIAN_POINT('',(0.0170072821641466,0.0330405326504359,0.));
#987=CARTESIAN_POINT('',(0.0162939802870431,0.0311148958030148,0.));
#988=CARTESIAN_POINT('',(0.0155598351501628,0.0291877115672318,0.));
#989=CARTESIAN_POINT('',(0.0149526846931792,0.0276036888935614,0.));
#990=CARTESIAN_POINT('',(0.0144832081089358,0.0263656096548628,0.));
#991=CARTESIAN_POINT('',(0.0140295014345059,0.0251529357414332,0.));
#992=CARTESIAN_POINT('',(0.0132671741168038,0.0230682819006445,0.));
#993=CARTESIAN_POINT('',(0.0122741075609596,0.02023248303681,0.));
#994=CARTESIAN_POINT('',(0.0112433368777522,0.0171330289927375,0.));
#995=CARTESIAN_POINT('',(0.0106688402764327,0.0153220531090899,0.));
#996=CARTESIAN_POINT('',(0.0104110180044642,0.0144933780670905,0.));
#997=CARTESIAN_POINT('',(0.0104110180044642,0.0144933780670905,0.002));
#998=CARTESIAN_POINT('',(0.0104110180044642,0.0144933780670905,0.));
#999=CARTESIAN_POINT('',(0.01143534843666,0.0144904888019599,0.002));
#1000=CARTESIAN_POINT('',(0.01143534843666,0.0144904888019599,0.));
#1001=CARTESIAN_POINT('',(0.0138367009693409,0.0145466502770952,0.002));
#1002=CARTESIAN_POINT('',(0.0138367009693409,0.0145466502770952,-4.33680868994202E-19));
#1003=CARTESIAN_POINT('',(0.0174590435040192,0.0146769051741949,0.002));
#1004=CARTESIAN_POINT('',(0.0174590435040192,0.0146769051741949,4.33680868994202E-19));
#1005=CARTESIAN_POINT('',(0.0204716356298555,0.0147471115369906,0.002));
#1006=CARTESIAN_POINT('',(0.0204716356298555,0.0147471115369906,-4.33680868994202E-19));
#1007=CARTESIAN_POINT('',(0.0227268888947678,0.0147646563994318,0.002));
#1008=CARTESIAN_POINT('',(0.0227268888947678,0.0147646563994318,0.));
#1009=CARTESIAN_POINT('',(0.0249260689526757,0.0147276655125766,0.002));
#1010=CARTESIAN_POINT('',(0.0249260689526757,0.0147276655125766,-4.33680868994202E-19));
#1011=CARTESIAN_POINT('',(0.0270309720195671,0.0146124078737735,0.002));
#1012=CARTESIAN_POINT('',(0.0270309720195671,0.0146124078737735,4.33680868994202E-19));
#1013=CARTESIAN_POINT('',(0.0286963790955927,0.0144237867079392,0.002));
#1014=CARTESIAN_POINT('',(0.0286963790955927,0.0144237867079392,0.));
#1015=CARTESIAN_POINT('',(0.0300066579376607,0.0141777508881875,0.002));
#1016=CARTESIAN_POINT('',(0.0300066579376607,0.0141777508881875,-4.33680868994202E-19));
#1017=CARTESIAN_POINT('',(0.0310010880128661,0.0139216945951133,0.002));
#1018=CARTESIAN_POINT('',(0.0310010880128661,0.0139216945951133,0.));
#1019=CARTESIAN_POINT('',(0.032044440015868,0.0135508880163128,0.002));
#1020=CARTESIAN_POINT('',(0.032044440015868,0.0135508880163128,8.67361737988404E-19));
#1021=CARTESIAN_POINT('',(0.0331866111305156,0.0129656544252191,0.002));
#1022=CARTESIAN_POINT('',(0.0331866111305156,0.0129656544252191,-4.33680868994202E-19));
#1023=CARTESIAN_POINT('',(0.0344746379094975,0.0119810735270132,0.002));
#1024=CARTESIAN_POINT('',(0.0344746379094975,0.0119810735270132,4.33680868994202E-19));
#1025=CARTESIAN_POINT('',(0.0356928739835821,0.0102032849306685,0.002));
#1026=CARTESIAN_POINT('',(0.0356928739835821,0.0102032849306685,-8.67361737988404E-19));
#1027=CARTESIAN_POINT('',(0.0361401971465272,0.00825812655770918,0.002));
#1028=CARTESIAN_POINT('',(0.0361401971465272,0.00825812655770918,4.33680868994202E-19));
#1029=CARTESIAN_POINT('',(0.0360418630349936,0.00666805417570384,0.002));
#1030=CARTESIAN_POINT('',(0.0360418630349936,0.00666805417570384,0.));
#1031=CARTESIAN_POINT('',(0.0357207387108113,0.00547427410353607,0.002));
#1032=CARTESIAN_POINT('',(0.0357207387108113,0.00547427410353607,-4.33680868994202E-19));
#1033=CARTESIAN_POINT('',(0.0352055914422108,0.00425484571237847,0.002));
#1034=CARTESIAN_POINT('',(0.0352055914422108,0.00425484571237847,4.33680868994202E-19));
#1035=CARTESIAN_POINT('',(0.0346826258540225,0.00339286514030097,0.002));
#1036=CARTESIAN_POINT('',(0.0346826258540225,0.00339286514030097,-4.33680868994202E-19));
#1037=CARTESIAN_POINT('',(0.0342256778653811,0.00271345165169983,0.002));
#1038=CARTESIAN_POINT('',(0.0342256778653811,0.00271345165169983,-4.33680868994202E-19));
#1039=CARTESIAN_POINT('',(0.033855671197,0.0021868573955356,0.002));
#1040=CARTESIAN_POINT('',(0.033855671197,0.0021868573955356,4.33680868994202E-19));
#1041=CARTESIAN_POINT('',(0.0334126019788741,0.00156482052630531,0.002));
#1042=CARTESIAN_POINT('',(0.0334126019788741,0.00156482052630531,0.));
#1043=CARTESIAN_POINT('',(0.0326193461901796,0.000511811712562127,0.002));
#1044=CARTESIAN_POINT('',(0.0326193461901796,0.000511811712562127,4.33680868994202E-19));
#1045=CARTESIAN_POINT('',(0.0314386165132626,-0.000912111919601047,0.002));
#1046=CARTESIAN_POINT('',(0.0314386165132626,-0.000912111919601047,0.));
#1047=CARTESIAN_POINT('',(0.0293764860413749,-0.00318951327680985,0.002));
#1048=CARTESIAN_POINT('',(0.0293764860413749,-0.00318951327680985,4.33680868994202E-19));
#1049=CARTESIAN_POINT('',(0.0261597216000288,-0.00661787495845409,0.002));
#1050=CARTESIAN_POINT('',(0.0261597216000288,-0.00661787495845409,4.33680868994202E-19));
#1051=CARTESIAN_POINT('',(0.0220379947533832,-0.0109492777440454,0.002));
#1052=CARTESIAN_POINT('',(0.0220379947533832,-0.0109492777440454,0.));
#1053=CARTESIAN_POINT('',(0.0172978215306432,-0.0158966201260437,0.002));
#1054=CARTESIAN_POINT('',(0.0172978215306432,-0.0158966201260437,8.67361737988404E-19));
#1055=CARTESIAN_POINT('',(0.0122288006395451,-0.0211689063391021,0.002));
#1056=CARTESIAN_POINT('',(0.0122288006395451,-0.0211689063391021,0.));
#1057=CARTESIAN_POINT('',(0.00712378149662821,-0.0264718308883803,0.002));
#1058=CARTESIAN_POINT('',(0.00712378149662821,-0.0264718308883803,4.33680868994202E-19));
#1059=CARTESIAN_POINT('',(0.00227476328143777,-0.0315117771577182,0.002));
#1060=CARTESIAN_POINT('',(0.00227476328143777,-0.0315117771577182,0.));
#1061=CARTESIAN_POINT('',(-0.00201823740379744,-0.0359873266884859,0.002));
#1062=CARTESIAN_POINT('',(-0.00201823740379744,-0.0359873266884859,4.33680868994202E-19));
#1063=CARTESIAN_POINT('',(-0.00490045136234604,-0.0390124551300908,0.002));
#1064=CARTESIAN_POINT('',(-0.00490045136234604,-0.0390124551300908,-8.67361737988404E-19));
#1065=CARTESIAN_POINT('',(-0.00659753867588436,-0.0408184871874614,0.002));
#1066=CARTESIAN_POINT('',(-0.00659753867588436,-0.0408184871874614,-4.33680868994202E-19));
#1067=CARTESIAN_POINT('',(-0.00763307934492196,-0.0419276257726815,0.002));
#1068=CARTESIAN_POINT('',(-0.00763307934492196,-0.0419276257726815,8.67361737988404E-19));
#1069=CARTESIAN_POINT('',(-0.00860892339868414,-0.0429069453456455,0.002));
#1070=CARTESIAN_POINT('',(-0.00860892339868414,-0.0429069453456455,4.33680868994202E-19));
#1071=CARTESIAN_POINT('',(-0.00960885065778685,-0.0437589910515643,0.002));
#1072=CARTESIAN_POINT('',(-0.00960885065778685,-0.0437589910515643,-8.67361737988404E-19));
#1073=CARTESIAN_POINT('',(-0.0108510859968788,-0.0444649559133837,0.002));
#1074=CARTESIAN_POINT('',(-0.0108510859968788,-0.0444649559133837,0.));
#1075=CARTESIAN_POINT('',(-0.0120882145850733,-0.0448998129500914,0.002));
#1076=CARTESIAN_POINT('',(-0.0120882145850733,-0.0448998129500914,4.33680868994202E-19));
#1077=CARTESIAN_POINT('',(-0.0135547987855796,-0.04505253652139,0.002));
#1078=CARTESIAN_POINT('',(-0.0135547987855796,-0.04505253652139,0.));
#1079=CARTESIAN_POINT('',(-0.0149302396210479,-0.0448576561638904,0.002));
#1080=CARTESIAN_POINT('',(-0.0149302396210479,-0.0448576561638904,4.33680868994202E-19));
#1081=CARTESIAN_POINT('',(-0.0160922059727477,-0.0444399038747024,0.002));
#1082=CARTESIAN_POINT('',(-0.0160922059727477,-0.0444399038747024,-4.33680868994202E-19));
#1083=CARTESIAN_POINT('',(-0.0174246841404646,-0.0436740097050888,0.002));
#1084=CARTESIAN_POINT('',(-0.0174246841404646,-0.0436740097050888,0.));
#1085=CARTESIAN_POINT('',(-0.0187394349654052,-0.0424113689384031,0.002));
#1086=CARTESIAN_POINT('',(-0.0187394349654052,-0.0424113689384031,0.));
#1087=CARTESIAN_POINT('',(-0.0196516197559277,-0.0408300274577419,0.002));
#1088=CARTESIAN_POINT('',(-0.0196516197559277,-0.0408300274577419,4.33680868994202E-19));
#1089=CARTESIAN_POINT('',(-0.0201039248413612,-0.039383434755935,0.002));
#1090=CARTESIAN_POINT('',(-0.0201039248413612,-0.039383434755935,0.));
#1091=CARTESIAN_POINT('',(-0.0203322873305645,-0.0380186820773551,0.002));
#1092=CARTESIAN_POINT('',(-0.0203322873305645,-0.0380186820773551,0.));
#1093=CARTESIAN_POINT('',(-0.0203391459399276,-0.036488692569136,0.002));
#1094=CARTESIAN_POINT('',(-0.0203391459399276,-0.036488692569136,-4.33680868994202E-19));
#1095=CARTESIAN_POINT('',(-0.0200547413226277,-0.0342659803049404,0.002));
#1096=CARTESIAN_POINT('',(-0.0200547413226277,-0.0342659803049404,0.));
#1097=CARTESIAN_POINT('',(-0.0193776466195042,-0.0316173853918308,0.002));
#1098=CARTESIAN_POINT('',(-0.0193776466195042,-0.0316173853918308,0.));
#1099=CARTESIAN_POINT('',(-0.0183138321340979,-0.0282786728149637,0.002));
#1100=CARTESIAN_POINT('',(-0.0183138321340979,-0.0282786728149637,4.33680868994202E-19));
#1101=CARTESIAN_POINT('',(-0.0171659719418292,-0.0246928809011415,0.002));
#1102=CARTESIAN_POINT('',(-0.0171659719418292,-0.0246928809011415,0.));
#1103=CARTESIAN_POINT('',(-0.0159369873137544,-0.0207552845253448,0.002));
#1104=CARTESIAN_POINT('',(-0.0159369873137544,-0.0207552845253448,-4.33680868994202E-19));
#1105=CARTESIAN_POINT('',(-0.0142503798332071,-0.0154154265877917,0.002));
#1106=CARTESIAN_POINT('',(-0.0142503798332071,-0.0154154265877917,4.33680868994202E-19));
#1107=CARTESIAN_POINT('',(-0.0129903550663856,-0.0116152021173461,0.002));
#1108=CARTESIAN_POINT('',(-0.0129903550663856,-0.0116152021173461,0.));
#1109=CARTESIAN_POINT('',(-0.0121844042675983,-0.00942159690966929,0.002));
#1110=CARTESIAN_POINT('',(-0.0121844042675983,-0.00942159690966929,0.));
#1111=CARTESIAN_POINT('',(0.0104110180044642,0.0144933780670905,0.002));
#1112=CARTESIAN_POINT('',(0.0104110180044642,0.0144933780670905,0.002));
#1113=CARTESIAN_POINT('',(0.0104110180044642,0.0144933780670905,0.002));
#1114=CARTESIAN_POINT('',(0.0109231832205621,0.0144919334345252,0.002));
#1115=CARTESIAN_POINT('',(0.0120375947130544,0.0145042103578264,0.002));
#1116=CARTESIAN_POINT('',(0.0139295925642763,0.0145557334313705,0.002));
#1117=CARTESIAN_POINT('',(0.0160090230884783,0.0146248212430794,0.002));
#1118=CARTESIAN_POINT('',(0.0182124791661653,0.0146944539296916,0.002));
#1119=CARTESIAN_POINT('',(0.0204715685087761,0.0147471048500751,0.002));
#1120=CARTESIAN_POINT('',(0.0227268697483969,0.0147646859822958,0.002));
#1121=CARTESIAN_POINT('',(0.0249262126592377,0.014727553868036,0.002));
#1122=CARTESIAN_POINT('',(0.0266797157262804,0.0146319463688994,0.002));
#1123=CARTESIAN_POINT('',(0.0280309779317185,0.0144986655035953,0.002));
#1124=CARTESIAN_POINT('',(0.0290237588453993,0.0143624431027405,0.002));
#1125=CARTESIAN_POINT('',(0.0300066561139662,0.0141776591599079,0.002));
#1126=CARTESIAN_POINT('',(0.0310012852683544,0.0139218961584924,0.002));
#1127=CARTESIAN_POINT('',(0.0320436528176095,0.0135501734910761,0.002));
#1128=CARTESIAN_POINT('',(0.0329985776929859,0.013065288050835,0.002));
#1129=CARTESIAN_POINT('',(0.0338265908128171,0.0124697364323832,0.002));
#1130=CARTESIAN_POINT('',(0.0343597980074188,0.0119770118759733,0.002));
#1131=CARTESIAN_POINT('',(0.0347760638001264,0.0114940480687418,0.002));
#1132=CARTESIAN_POINT('',(0.0350771049593039,0.0110810022963243,0.002));
#1133=CARTESIAN_POINT('',(0.035344208310515,0.0106388672823824,0.002));
#1134=CARTESIAN_POINT('',(0.0356474347472926,0.0100232437030412,0.002));
#1135=CARTESIAN_POINT('',(0.0359178731976731,0.00922731977921114,0.002));
#1136=CARTESIAN_POINT('',(0.0360718722842696,0.00830381087161298,0.002));
#1137=CARTESIAN_POINT('',(0.0360901632699332,0.00746128207154736,0.002));
#1138=CARTESIAN_POINT('',(0.0359888558007967,0.00647011286787924,0.002));
#1139=CARTESIAN_POINT('',(0.0357204514364466,0.00547411724150447,0.002));
#1140=CARTESIAN_POINT('',(0.0353348537181465,0.00455907244084454,0.002));
#1141=CARTESIAN_POINT('',(0.0349424940873391,0.00382653376566487,0.002));
#1142=CARTESIAN_POINT('',(0.03463059651328,0.00332229155130018,0.002));
#1143=CARTESIAN_POINT('',(0.0343980984291015,0.00296924552984813,0.002));
#1144=CARTESIAN_POINT('',(0.034234497192766,0.00272874221394565,0.002));
#1145=CARTESIAN_POINT('',(0.0340831859823164,0.00251110994889622,0.002));
#1146=CARTESIAN_POINT('',(0.0339496234316241,0.00232096595126056,0.002));
#1147=CARTESIAN_POINT('',(0.0338151331226991,0.00213054438391166,0.002));
#1148=CARTESIAN_POINT('',(0.0336346519564239,0.0018772622241067,0.002));
#1149=CARTESIAN_POINT('',(0.0334042068950662,0.00155879275690073,0.002));
#1150=CARTESIAN_POINT('',(0.0331147845445148,0.00116948364545026,0.002));
#1151=CARTESIAN_POINT('',(0.032706284725463,0.000636805796930046,0.002));
#1152=CARTESIAN_POINT('',(0.032145256867509,-6.03742746366421E-5,0.002));
#1153=CARTESIAN_POINT('',(0.0313584085815187,-0.00098264026451244,0.002));
#1154=CARTESIAN_POINT('',(0.0304075530264049,-0.00205042918353257,0.002));
#1155=CARTESIAN_POINT('',(0.0288403577299383,-0.00376112815444236,0.002));
#1156=CARTESIAN_POINT('',(0.0261597209955107,-0.00661780065558985,0.002));
#1157=CARTESIAN_POINT('',(0.0220379981360071,-0.0109492945780988,0.002));
#1158=CARTESIAN_POINT('',(0.0172978086046672,-0.0158966270926924,0.002));
#1159=CARTESIAN_POINT('',(0.0122288489608257,-0.0211688616384532,0.002));
#1160=CARTESIAN_POINT('',(0.00712360113748341,-0.0264720027243255,0.002));
#1161=CARTESIAN_POINT('',(0.00308346385352763,-0.0306712792162093,0.002));
#1162=CARTESIAN_POINT('',(0.000127343445445223,-0.0337504299698269,0.002));
#1163=CARTESIAN_POINT('',(-0.00191461581327988,-0.0358822970813773,0.002));
#1164=CARTESIAN_POINT('',(-0.0034390698689909,-0.0374795048758439,0.002));
#1165=CARTESIAN_POINT('',(-0.00453323482147609,-0.0386303995118379,0.002));
#1166=CARTESIAN_POINT('',(-0.00528604890175801,-0.0394250009204572,0.002));
#1167=CARTESIAN_POINT('',(-0.00596656678922488,-0.0401463403249769,0.002));
#1168=CARTESIAN_POINT('',(-0.0067670661035917,-0.0410004885983764,0.002));
#1169=CARTESIAN_POINT('',(-0.00746018459633813,-0.0417422938453781,0.002));
#1170=CARTESIAN_POINT('',(-0.00812230015763838,-0.0424188314329105,0.002));
#1171=CARTESIAN_POINT('',(-0.0086359008087749,-0.0429129948672426,0.002));
#1172=CARTESIAN_POINT('',(-0.00921170565652727,-0.0434139964461304,0.002));
#1173=CARTESIAN_POINT('',(-0.00991873611343199,-0.0439365039862182,0.002));
#1174=CARTESIAN_POINT('',(-0.0108509536110073,-0.0444650453596529,0.002));
#1175=CARTESIAN_POINT('',(-0.0118830068582396,-0.0448262020981212,0.002));
#1176=CARTESIAN_POINT('',(-0.0128197684943423,-0.0449781992690206,0.002));
#1177=CARTESIAN_POINT('',(-0.01354244627445,-0.0450087277625763,0.002));
#1178=CARTESIAN_POINT('',(-0.0142480957562964,-0.0449545048802159,0.002));
#1179=CARTESIAN_POINT('',(-0.0149024791621228,-0.0448299729764871,0.002));
#1180=CARTESIAN_POINT('',(-0.0155099508377309,-0.0446486682654896,0.002));
#1181=CARTESIAN_POINT('',(-0.0162594471252628,-0.0443442233252829,0.002));
#1182=CARTESIAN_POINT('',(-0.0170917919604129,-0.0438655360204869,0.002));
#1183=CARTESIAN_POINT('',(-0.0179489028374447,-0.0431686853948968,0.002));
#1184=CARTESIAN_POINT('',(-0.0186794533182044,-0.0423642110299964,0.002));
#1185=CARTESIAN_POINT('',(-0.0192868144408664,-0.0414602432587667,0.002));
#1186=CARTESIAN_POINT('',(-0.0196850144564986,-0.040632233194031,0.002));
#1187=CARTESIAN_POINT('',(-0.0199343384852412,-0.0399296895665423,0.002));
#1188=CARTESIAN_POINT('',(-0.0201324188015195,-0.0392106468097183,0.002));
#1189=CARTESIAN_POINT('',(-0.0202755186126047,-0.0383607022623998,0.002));
#1190=CARTESIAN_POINT('',(-0.0203338691590047,-0.0374061572492216,0.002));
#1191=CARTESIAN_POINT('',(-0.0203117671454104,-0.0365099414572129,0.002));
#1192=CARTESIAN_POINT('',(-0.0202324041047088,-0.0356551855484597,0.002));
#1193=CARTESIAN_POINT('',(-0.0200691472853238,-0.0345520366788108,0.002));
#1194=CARTESIAN_POINT('',(-0.0197817021313338,-0.0332104131303795,0.002));
#1195=CARTESIAN_POINT('',(-0.0193465593194024,-0.0315966134659758,0.002));
#1196=CARTESIAN_POINT('',(-0.018846639466424,-0.0299470466755665,0.002));
#1197=CARTESIAN_POINT('',(-0.018394160872185,-0.028530164377664,0.002));
#1198=CARTESIAN_POINT('',(-0.0180206560856447,-0.027368773561505,0.002));
#1199=CARTESIAN_POINT('',(-0.0176434515936454,-0.0261895168410726,0.002));
#1200=CARTESIAN_POINT('',(-0.0171556292361181,-0.0246466174505764,0.002));
#1201=CARTESIAN_POINT('',(-0.0165511742055457,-0.0227209144233967,0.002));
#1202=CARTESIAN_POINT('',(-0.0157262816363198,-0.0200895080262469,0.002));
#1203=CARTESIAN_POINT('',(-0.0146724764958707,-0.0167508808335476,0.002));
#1204=CARTESIAN_POINT('',(-0.0134085288012301,-0.0128780356225822,0.002));
#1205=CARTESIAN_POINT('',(-0.0125873796669919,-0.0105183995135077,0.002));
#1206=CARTESIAN_POINT('',(-0.0121844042675983,-0.00942159690966929,0.002));
#1207=CARTESIAN_POINT('',(-0.0121844042675982,-0.00942159690966923,0.002));
#1208=CARTESIAN_POINT('',(-0.0121844042675982,-0.00942159690966923,0.002));
#1209=CARTESIAN_POINT('',(-0.0121844042675983,-0.00942159690966925,0.002));
#1210=CARTESIAN_POINT('',(-0.0121844042675983,-0.00942159690966925,4.33680868994202E-19));
#1211=CARTESIAN_POINT('',(-0.0132618797839458,-0.00946928381866764,0.002));
#1212=CARTESIAN_POINT('',(-0.0132618797839458,-0.00946928381866764,4.33680868994202E-19));
#1213=CARTESIAN_POINT('',(-0.0155297857294079,-0.00953977844142344,0.002));
#1214=CARTESIAN_POINT('',(-0.0155297857294079,-0.00953977844142344,0.));
#1215=CARTESIAN_POINT('',(-0.019027446910476,-0.00957508041678665,0.002));
#1216=CARTESIAN_POINT('',(-0.019027446910476,-0.00957508041678665,4.33680868994202E-19));
#1217=CARTESIAN_POINT('',(-0.0224764722322556,-0.00954828200712329,0.002));
#1218=CARTESIAN_POINT('',(-0.0224764722322556,-0.00954828200712329,4.33680868994202E-19));
#1219=CARTESIAN_POINT('',(-0.025162936105232,-0.00947944361728502,0.002));
#1220=CARTESIAN_POINT('',(-0.025162936105232,-0.00947944361728502,0.));
#1221=CARTESIAN_POINT('',(-0.0271233348814606,-0.00939787038872036,0.002));
#1222=CARTESIAN_POINT('',(-0.0271233348814606,-0.00939787038872036,1.73472347597681E-18));
#1223=CARTESIAN_POINT('',(-0.028473713757593,-0.00932601864443552,0.002));
#1224=CARTESIAN_POINT('',(-0.028473713757593,-0.00932601864443552,0.));
#1225=CARTESIAN_POINT('',(-0.0297861107934908,-0.00922661785590973,0.002));
#1226=CARTESIAN_POINT('',(-0.0297861107934908,-0.00922661785590973,8.67361737988404E-19));
#1227=CARTESIAN_POINT('',(-0.0310920213013844,-0.00906525294597576,0.002));
#1228=CARTESIAN_POINT('',(-0.0310920213013844,-0.00906525294597576,4.33680868994202E-19));
#1229=CARTESIAN_POINT('',(-0.032465350358833,-0.00877695515498336,0.002));
#1230=CARTESIAN_POINT('',(-0.032465350358833,-0.00877695515498336,0.));
#1231=CARTESIAN_POINT('',(-0.0337784294061992,-0.00830558223582068,0.002));
#1232=CARTESIAN_POINT('',(-0.0337784294061992,-0.00830558223582068,0.));
#1233=CARTESIAN_POINT('',(-0.0349636059197701,-0.00758504339456968,0.002));
#1234=CARTESIAN_POINT('',(-0.0349636059197701,-0.00758504339456968,0.));
#1235=CARTESIAN_POINT('',(-0.0358726610351202,-0.00680835593886506,0.002));
#1236=CARTESIAN_POINT('',(-0.0358726610351202,-0.00680835593886506,-8.67361737988404E-19));
#1237=CARTESIAN_POINT('',(-0.0367595415701109,-0.00565235364374166,0.002));
#1238=CARTESIAN_POINT('',(-0.0367595415701109,-0.00565235364374166,8.67361737988404E-19));
#1239=CARTESIAN_POINT('',(-0.0373660598810897,-0.00418972400461222,0.002));
#1240=CARTESIAN_POINT('',(-0.0373660598810897,-0.00418972400461222,-8.67361737988404E-19));
#1241=CARTESIAN_POINT('',(-0.0375639054272804,-0.00270246030105254,0.002));
#1242=CARTESIAN_POINT('',(-0.0375639054272804,-0.00270246030105254,8.67361737988404E-19));
#1243=CARTESIAN_POINT('',(-0.0374106870806215,-0.000975155349136918,0.002));
#1244=CARTESIAN_POINT('',(-0.0374106870806215,-0.000975155349136918,-4.33680868994202E-19));
#1245=CARTESIAN_POINT('',(-0.0368319003125974,0.000648116003038111,0.002));
#1246=CARTESIAN_POINT('',(-0.0368319003125974,0.000648116003038111,0.));
#1247=CARTESIAN_POINT('',(-0.0359326560463719,0.00228440544669864,0.002));
#1248=CARTESIAN_POINT('',(-0.0359326560463719,0.00228440544669864,-4.33680868994202E-19));
#1249=CARTESIAN_POINT('',(-0.0347780016124565,0.00397017242094585,0.002));
#1250=CARTESIAN_POINT('',(-0.0347780016124565,0.00397017242094585,8.67361737988404E-19));
#1251=CARTESIAN_POINT('',(-0.0333597048211328,0.00581595339904223,0.002));
#1252=CARTESIAN_POINT('',(-0.0333597048211328,0.00581595339904223,-8.67361737988404E-19));
#1253=CARTESIAN_POINT('',(-0.0311124851153417,0.00854473722858497,0.002));
#1254=CARTESIAN_POINT('',(-0.0311124851153417,0.00854473722858497,-4.33680868994202E-19));
#1255=CARTESIAN_POINT('',(-0.0276905149385678,0.0124348687417038,0.002));
#1256=CARTESIAN_POINT('',(-0.0276905149385678,0.0124348687417038,4.33680868994202E-19));
#1257=CARTESIAN_POINT('',(-0.0228483939320212,0.017672685632465,0.002));
#1258=CARTESIAN_POINT('',(-0.0228483939320212,0.017672685632465,0.));
#1259=CARTESIAN_POINT('',(-0.0175542046091791,0.0232241406757624,0.002));
#1260=CARTESIAN_POINT('',(-0.0175542046091791,0.0232241406757624,4.33680868994202E-19));
#1261=CARTESIAN_POINT('',(-0.0120996942037119,0.0288232015528173,0.002));
#1262=CARTESIAN_POINT('',(-0.0120996942037119,0.0288232015528173,-4.33680868994202E-19));
#1263=CARTESIAN_POINT('',(-0.00678162560928385,0.0341974532656721,0.002));
#1264=CARTESIAN_POINT('',(-0.00678162560928385,0.0341974532656721,4.33680868994202E-19));
#1265=CARTESIAN_POINT('',(-0.00189705125236988,0.0390737426962526,0.002));
#1266=CARTESIAN_POINT('',(-0.00189705125236988,0.0390737426962526,-8.67361737988404E-19));
#1267=CARTESIAN_POINT('',(0.00155975590684924,0.0424902616195077,0.002));
#1268=CARTESIAN_POINT('',(0.00155975590684924,0.0424902616195077,4.33680868994202E-19));
#1269=CARTESIAN_POINT('',(0.00381529081088285,0.0447044002891787,0.002));
#1270=CARTESIAN_POINT('',(0.00381529081088285,0.0447044002891787,-8.67361737988404E-19));
#1271=CARTESIAN_POINT('',(0.00519611162354131,0.0460551340219711,0.002));
#1272=CARTESIAN_POINT('',(0.00519611162354131,0.0460551340219711,1.30104260698261E-18));
#1273=CARTESIAN_POINT('',(0.00632798590006401,0.0471484801728739,0.002));
#1274=CARTESIAN_POINT('',(0.00632798590006401,0.0471484801728739,-8.67361737988404E-19));
#1275=CARTESIAN_POINT('',(0.00737090386889795,0.0480860816762233,0.002));
#1276=CARTESIAN_POINT('',(0.00737090386889795,0.0480860816762233,4.33680868994202E-19));
#1277=CARTESIAN_POINT('',(0.008541863044908,0.0489843366371706,0.002));
#1278=CARTESIAN_POINT('',(0.008541863044908,0.0489843366371706,4.33680868994202E-19));
#1279=CARTESIAN_POINT('',(0.00999829916416355,0.0497228252793757,0.002));
#1280=CARTESIAN_POINT('',(0.00999829916416355,0.0497228252793757,0.));
#1281=CARTESIAN_POINT('',(0.0114856589537793,0.050045307091539,0.002));
#1282=CARTESIAN_POINT('',(0.0114856589537793,0.050045307091539,0.));
#1283=CARTESIAN_POINT('',(0.012619813119343,0.0500803805470488,0.002));
#1284=CARTESIAN_POINT('',(0.012619813119343,0.0500803805470488,0.));
#1285=CARTESIAN_POINT('',(0.0136165639046793,0.0499539833746896,0.002));
#1286=CARTESIAN_POINT('',(0.0136165639046793,0.0499539833746896,0.));
#1287=CARTESIAN_POINT('',(0.0149563388274797,0.0495872883956897,0.002));
#1288=CARTESIAN_POINT('',(0.0149563388274797,0.0495872883956897,8.67361737988404E-19));
#1289=CARTESIAN_POINT('',(0.016616226898817,0.048703245733186,0.002));
#1290=CARTESIAN_POINT('',(0.016616226898817,0.048703245733186,-1.30104260698261E-18));
#1291=CARTESIAN_POINT('',(0.0180198913974354,0.0471475005933305,0.002));
#1292=CARTESIAN_POINT('',(0.0180198913974354,0.0471475005933305,8.67361737988404E-19));
#1293=CARTESIAN_POINT('',(0.0187681746388677,0.0456436211759259,0.002));
#1294=CARTESIAN_POINT('',(0.0187681746388677,0.0456436211759259,0.));
#1295=CARTESIAN_POINT('',(0.0192442149548845,0.0440132834691246,0.002));
#1296=CARTESIAN_POINT('',(0.0192442149548845,0.0440132834691246,8.67361737988404E-19));
#1297=CARTESIAN_POINT('',(0.0193302386354687,0.0422583804497898,0.002));
#1298=CARTESIAN_POINT('',(0.0193302386354687,0.0422583804497898,0.));
#1299=CARTESIAN_POINT('',(0.0191380303036684,0.040415482857577,0.002));
#1300=CARTESIAN_POINT('',(0.0191380303036684,0.040415482857577,-4.33680868994202E-19));
#1301=CARTESIAN_POINT('',(0.0187667450686956,0.03861855983816,0.002));
#1302=CARTESIAN_POINT('',(0.0187667450686956,0.03861855983816,8.67361737988404E-19));
#1303=CARTESIAN_POINT('',(0.0182691878923694,0.0368019874826699,0.002));
#1304=CARTESIAN_POINT('',(0.0182691878923694,0.0368019874826699,4.33680868994202E-19));
#1305=CARTESIAN_POINT('',(0.0174756100580873,0.0343215495757013,0.002));
#1306=CARTESIAN_POINT('',(0.0174756100580873,0.0343215495757013,0.));
#1307=CARTESIAN_POINT('',(0.016305257640473,0.0311173502635908,0.002));
#1308=CARTESIAN_POINT('',(0.016305257640473,0.0311173502635908,8.67361737988404E-19));
#1309=CARTESIAN_POINT('',(0.0148123273589787,0.027256036937238,0.002));
#1310=CARTESIAN_POINT('',(0.0148123273589787,0.027256036937238,8.67361737988404E-19));
#1311=CARTESIAN_POINT('',(0.0134654480969937,0.0236380859408957,0.002));
#1312=CARTESIAN_POINT('',(0.0134654480969937,0.0236380859408957,-4.33680868994202E-19));
#1313=CARTESIAN_POINT('',(0.0118770649969925,0.0190965236492614,0.002));
#1314=CARTESIAN_POINT('',(0.0118770649969925,0.0190965236492614,8.67361737988404E-19));
#1315=CARTESIAN_POINT('',(0.0109266625484012,0.0161507281510891,0.002));
#1316=CARTESIAN_POINT('',(0.0109266625484012,0.0161507281510891,4.33680868994202E-19));
#1317=CARTESIAN_POINT('',(0.0104110180044642,0.0144933780670905,0.002));
#1318=CARTESIAN_POINT('',(0.0104110180044642,0.0144933780670905,4.33680868994202E-19));
#1319=CARTESIAN_POINT('',(-0.0121844042675983,-0.00942159690966925,0.002));
#1320=CARTESIAN_POINT('',(-0.0124537731466852,-0.00943351863691885,0.002));
#1321=CARTESIAN_POINT('',(-0.0130032458666074,-0.00945603249472527,0.002));
#1322=CARTESIAN_POINT('',(-0.0141171736368696,-0.00949441577511521,0.002));
#1323=CARTESIAN_POINT('',(-0.0155411545378783,-0.00953094250800736,0.002));
#1324=CARTESIAN_POINT('',(-0.0172775210311419,-0.00955735022920395,0.002));
#1325=CARTESIAN_POINT('',(-0.0190215904859255,-0.00956732835146625,0.002));
#1326=CARTESIAN_POINT('',(-0.0207521626287243,-0.00956171848062437,0.002));
#1327=CARTESIAN_POINT('',(-0.0224481555780502,-0.0095413309639236,0.002));
#1328=CARTESIAN_POINT('',(-0.0240887797784011,-0.00950684204827841,0.002));
#1329=CARTESIAN_POINT('',(-0.0256529181010718,-0.00945908851985118,0.002));
#1330=CARTESIAN_POINT('',(-0.0271233764519698,-0.009397854474833,0.002));
#1331=CARTESIAN_POINT('',(-0.0284736651737726,-0.00932604409027767,0.002));
#1332=CARTESIAN_POINT('',(-0.0297862635582631,-0.00922653198642847,0.002));
#1333=CARTESIAN_POINT('',(-0.0308739262814728,-0.009092397812787,0.002));
#1334=CARTESIAN_POINT('',(-0.031779453160627,-0.00892066993709577,0.002));
#1335=CARTESIAN_POINT('',(-0.0324909036762497,-0.00874307531531723,0.002));
#1336=CARTESIAN_POINT('',(-0.0332514000867624,-0.0084914100195328,0.002));
#1337=CARTESIAN_POINT('',(-0.0340748725148172,-0.0081261380798542,0.002));
#1338=CARTESIAN_POINT('',(-0.0348164851686023,-0.00767519181425697,0.002));
#1339=CARTESIAN_POINT('',(-0.0354162563179485,-0.00719641563969258,0.002));
#1340=CARTESIAN_POINT('',(-0.0360216982586521,-0.00661590824786347,0.002));
#1341=CARTESIAN_POINT('',(-0.0366106701783641,-0.00584462129372928,0.002));
#1342=CARTESIAN_POINT('',(-0.0370643462215264,-0.00492168293323012,0.002));
#1343=CARTESIAN_POINT('',(-0.0373144027812427,-0.00418682452659881,0.002));
#1344=CARTESIAN_POINT('',(-0.0374657291752528,-0.00344472892361774,0.002));
#1345=CARTESIAN_POINT('',(-0.0375441263272396,-0.00248730103326704,0.002));
#1346=CARTESIAN_POINT('',(-0.0374509003223227,-0.00140701307235525,0.002));
#1347=CARTESIAN_POINT('',(-0.0371726716523235,-0.000324822542913234,0.002));
#1348=CARTESIAN_POINT('',(-0.0368077888826153,0.000609489049585848,0.002));
#1349=CARTESIAN_POINT('',(-0.0363828745482029,0.00146392618384943,0.002));
#1350=CARTESIAN_POINT('',(-0.0357398704935486,0.00256671258205058,0.002));
#1351=CARTESIAN_POINT('',(-0.0347781080934032,0.00396973136924219,0.002));
#1352=CARTESIAN_POINT('',(-0.0333597119701402,0.00581601422794338,0.002));
#1353=CARTESIAN_POINT('',(-0.0316741549648141,0.00786273900729731,0.002));
#1354=CARTESIAN_POINT('',(-0.0297442302035278,0.0100999380605373,0.002));
#1355=CARTESIAN_POINT('',(-0.0275984140221192,0.0125062791359303,0.002));
#1356=CARTESIAN_POINT('',(-0.0252694465449852,0.0150538169209818,0.002));
#1357=CARTESIAN_POINT('',(-0.0219660347674645,0.0185979041912478,0.002));
#1358=CARTESIAN_POINT('',(-0.0175541925574808,0.023224157542168,0.002));
#1359=CARTESIAN_POINT('',(-0.0120997331330654,0.0288231661985958,0.002));
#1360=CARTESIAN_POINT('',(-0.00678148194357032,0.0341975778161504,0.002));
#1361=CARTESIAN_POINT('',(-0.00271156947881971,0.0382606628431598,0.002));
#1362=CARTESIAN_POINT('',(0.000177764810553609,0.0411242860465022,0.002));
#1363=CARTESIAN_POINT('',(0.00179972204764353,0.0427242208862699,0.002));
#1364=CARTESIAN_POINT('',(0.0029683885448683,0.0438731649389566,0.002));
#1365=CARTESIAN_POINT('',(0.00377571543713336,0.0446650584230128,0.002));
#1366=CARTESIAN_POINT('',(0.00450966420652719,0.045383132834602,0.002));
#1367=CARTESIAN_POINT('',(0.00538239949601671,0.0462354419866094,0.002));
#1368=CARTESIAN_POINT('',(0.00632939151598898,0.0471488993223427,0.002));
#1369=CARTESIAN_POINT('',(0.00719522519992785,0.0479304737044362,0.002));
#1370=CARTESIAN_POINT('',(0.00795944854721374,0.0485339392250149,0.002));
#1371=CARTESIAN_POINT('',(0.00861544311106318,0.0489842192121619,0.002));
#1372=CARTESIAN_POINT('',(0.0094067214450773,0.0494231351590595,0.002));
#1373=CARTESIAN_POINT('',(0.0103723806442743,0.0498047051507888,0.002));
#1374=CARTESIAN_POINT('',(0.011485696094334,0.0500445640814837,0.002));
#1375=CARTESIAN_POINT('',(0.0123344912918959,0.0500727108970443,0.002));
#1376=CARTESIAN_POINT('',(0.012861897628603,0.0500378047035754,0.002));
#1377=CARTESIAN_POINT('',(0.0131991914965323,0.0500026847626535,0.002));
#1378=CARTESIAN_POINT('',(0.013785517379608,0.0499087721662694,0.002));
#1379=CARTESIAN_POINT('',(0.0146218498901596,0.0496787367299376,0.002));
#1380=CARTESIAN_POINT('',(0.0156167879096753,0.0492337770938506,0.002));
#1381=CARTESIAN_POINT('',(0.0165781903892223,0.04860129441214,0.002));
#1382=CARTESIAN_POINT('',(0.0174603436390731,0.0477744766838845,0.002));
#1383=CARTESIAN_POINT('',(0.0180819888375936,0.0469386111984817,0.002));
#1384=CARTESIAN_POINT('',(0.018487575898531,0.0462053758965153,0.002));
#1385=CARTESIAN_POINT('',(0.0187426439750511,0.0456304734368414,0.002));
#1386=CARTESIAN_POINT('',(0.0189467138404086,0.0450396136946287,0.002));
#1387=CARTESIAN_POINT('',(0.0191003661719408,0.0444341386252169,0.002));
#1388=CARTESIAN_POINT('',(0.019199440041335,0.043862246825122,0.002));
#1389=CARTESIAN_POINT('',(0.0192771224742828,0.0431371737087543,0.002));
#1390=CARTESIAN_POINT('',(0.0192945285817966,0.0422919414050381,0.002));
#1391=CARTESIAN_POINT('',(0.0192342394843446,0.0413392829400764,0.002));
#1392=CARTESIAN_POINT('',(0.0190760883944789,0.0401146396351807,0.002));
#1393=CARTESIAN_POINT('',(0.0187667693250614,0.0386190078786377,0.002));
#1394=CARTESIAN_POINT('',(0.0182691689622122,0.036801912191848,0.002));
#1395=CARTESIAN_POINT('',(0.0176740559809208,0.0349415121752542,0.002));
#1396=CARTESIAN_POINT('',(0.0170072821641466,0.0330405326504359,0.002));
#1397=CARTESIAN_POINT('',(0.0162939802870431,0.0311148958030148,0.002));
#1398=CARTESIAN_POINT('',(0.0155598351501628,0.0291877115672318,0.002));
#1399=CARTESIAN_POINT('',(0.0149526846931792,0.0276036888935614,0.002));
#1400=CARTESIAN_POINT('',(0.0144832081089358,0.0263656096548628,0.002));
#1401=CARTESIAN_POINT('',(0.0140295014345059,0.0251529357414332,0.002));
#1402=CARTESIAN_POINT('',(0.0132671741168038,0.0230682819006445,0.002));
#1403=CARTESIAN_POINT('',(0.0122741075609596,0.02023248303681,0.002));
#1404=CARTESIAN_POINT('',(0.0112433368777522,0.0171330289927375,0.002));
#1405=CARTESIAN_POINT('',(0.0106688402764327,0.0153220531090899,0.002));
#1406=CARTESIAN_POINT('',(0.0104110180044642,0.0144933780670905,0.002));
#1407=CARTESIAN_POINT('',(0.00716644831791596,-0.0264280011750569,0.002));
#1408=MECHANICAL_DESIGN_GEOMETRIC_PRESENTATION_REPRESENTATION('',(#123),
#1409);
#1409=(
GEOMETRIC_REPRESENTATION_CONTEXT(3)
GLOBAL_UNCERTAINTY_ASSIGNED_CONTEXT((#1410))
GLOBAL_UNIT_ASSIGNED_CONTEXT((#1413,#1412,#1411))
REPRESENTATION_CONTEXT('Part 1','TOP_LEVEL_ASSEMBLY_PART')
);
#1410=UNCERTAINTY_MEASURE_WITH_UNIT(LENGTH_MEASURE(2.E-5),#1413,
'DISTANCE_ACCURACY_VALUE','Maximum Tolerance applied to model');
#1411=(
NAMED_UNIT(*)
SI_UNIT($,.STERADIAN.)
SOLID_ANGLE_UNIT()
);
#1412=(
NAMED_UNIT(*)
PLANE_ANGLE_UNIT()
SI_UNIT($,.RADIAN.)
);
#1413=(
LENGTH_UNIT()
NAMED_UNIT(*)
SI_UNIT($,.METRE.)
);
#1414=PRODUCT_DEFINITION_SHAPE('','',#1415);
#1415=PRODUCT_DEFINITION('','',#1417,#1416);
#1416=PRODUCT_DEFINITION_CONTEXT('',#1423,'design');
#1417=PRODUCT_DEFINITION_FORMATION_WITH_SPECIFIED_SOURCE('','',#1419,
 .NOT_KNOWN.);
#1418=PRODUCT_RELATED_PRODUCT_CATEGORY('','',(#1419));
#1419=PRODUCT('Part 1','Part 1','Part 1',(#1421));
#1420=PRODUCT_CATEGORY('','');
#1421=PRODUCT_CONTEXT('',#1423,'mechanical');
#1422=APPLICATION_PROTOCOL_DEFINITION('international standard',
'ap242_managed_model_based_3d_engineering',2020,#1423);
#1423=APPLICATION_CONTEXT('managed model based 3d engineering');
ENDSEC;
END-ISO-10303-21;
